species,longitude,latitude,source
Cyathea cooperi,151.18853,-33.887149,University of Sydney
Cyathea cooperi,151.184203,-33.885985,University of Sydney
Cyathea cooperi,151.191216,-33.892356,University of Sydney
Cyathea cooperi,151.191197,-33.89232,University of Sydney
Cyathea cooperi,151.048609,-33.88267,University of Sydney
Cyathea cooperi,151.299265,-33.549308,University of Sydney
Cyathea cooperi,151.18651,-33.886168,University of Sydney
Cyathea cooperi,151.186598,-33.886323,University of Sydney
Cyathea cooperi,151.186652,-33.886313,University of Sydney
Cyathea cooperi,151.186571,-33.885362,University of Sydney
Cyathea cooperi,151.186508,-33.885411,University of Sydney
Cyathea cooperi,151.186384,-33.887018,University of Sydney
Cinnamomum camphora,151.184335,-33.888503,University of Sydney
Cinnamomum camphora,151.1844,-33.888338,University of Sydney
Cinnamomum camphora,151.184284,-33.888449,University of Sydney
Cinnamomum camphora,151.184243,-33.88833,University of Sydney
Cinnamomum camphora,151.184373,-33.888261,University of Sydney
Cinnamomum camphora,151.18435,-33.88818,University of Sydney
Cinnamomum camphora,151.18337,-33.885464,University of Sydney
Cinnamomum camphora,151.184994,-33.887216,University of Sydney
Cinnamomum camphora,151.183193,-33.885507,University of Sydney
Cinnamomum camphora,151.186001,-33.888059,University of Sydney
Cinnamomum camphora,151.186024,-33.888128,University of Sydney
Cinnamomum camphora,151.163537,-33.865751,University of Sydney
Cinnamomum camphora,151.163454,-33.864265,University of Sydney
Cinnamomum camphora,151.162383,-33.863867,University of Sydney
Cinnamomum camphora,151.162363,-33.86401,University of Sydney
Populus deltoides,151.188291,-33.886059,University of Sydney
Populus deltoides,151.184166,-33.885611,University of Sydney
Populus deltoides,151.183159,-33.88678,University of Sydney
Populus deltoides,151.183089,-33.886724,University of Sydney
Populus deltoides,151.182914,-33.88649,University of Sydney
Populus deltoides,151.181469,-33.885872,University of Sydney
Populus deltoides,151.191847,-33.890804,University of Sydney
Populus deltoides,151.191685,-33.890867,University of Sydney
Populus deltoides,151.190979,-33.891501,University of Sydney
Populus deltoides,151.190937,-33.891515,University of Sydney
Populus deltoides,151.190889,-33.891529,University of Sydney
Populus deltoides,151.190806,-33.891557,University of Sydney
Populus deltoides,150.658584,-34.03593,University of Sydney
Populus deltoides,150.658787,-34.035978,University of Sydney
Populus deltoides,150.658703,-34.035949,University of Sydney
Populus deltoides,150.658936,-34.035988,University of Sydney
Populus deltoides,150.659008,-34.035996,University of Sydney
Populus deltoides,150.659123,-34.036006,University of Sydney
Populus deltoides,150.659209,-34.03603,University of Sydney
Populus nigra 'Italica',151.18867,-33.88749,University of Sydney
Doryanthes excelsa,151.189789,-33.888984,University of Sydney
Doryanthes excelsa,151.190785,-33.890196,University of Sydney
Doryanthes excelsa,151.190983,-33.88493,University of Sydney
Doryanthes excelsa,151.18753,-33.88537,University of Sydney
Doryanthes excelsa,151.189253,-33.885044,University of Sydney
Doryanthes excelsa,151.190746,-33.88544,University of Sydney
Doryanthes excelsa,151.190671,-33.885168,University of Sydney
Doryanthes excelsa,151.185408,-33.885774,University of Sydney
Doryanthes excelsa,151.192256,-33.890666,University of Sydney
Doryanthes excelsa,151.191147,-33.889917,University of Sydney
Doryanthes excelsa,151.191056,-33.889981,University of Sydney
Doryanthes excelsa,151.193542,-33.889955,University of Sydney
Doryanthes excelsa,151.193232,-33.889075,University of Sydney
Doryanthes excelsa,151.191903,-33.890813,University of Sydney
Doryanthes excelsa,151.190835,-33.890309,University of Sydney
Doryanthes excelsa,151.189282,-33.889046,University of Sydney
Doryanthes excelsa,151.188773,-33.888428,University of Sydney
Doryanthes excelsa,151.188709,-33.88798,University of Sydney
Doryanthes excelsa,151.191382,-33.885801,University of Sydney
Doryanthes excelsa,151.188789,-33.888282,University of Sydney
Doryanthes excelsa,151.191657,-33.890872,University of Sydney
Doryanthes excelsa,151.18982,-33.888964,University of Sydney
Doryanthes excelsa,151.187282,-33.886095,University of Sydney
Doryanthes excelsa,151.187589,-33.884902,University of Sydney
Doryanthes excelsa,151.190534,-33.885469,University of Sydney
Doryanthes excelsa,151.193411,-33.888987,University of Sydney
Doryanthes excelsa,151.298786,-33.549379,University of Sydney
Doryanthes excelsa,151.299032,-33.549553,University of Sydney
Doryanthes excelsa,151.298778,-33.549325,University of Sydney
Doryanthes excelsa,151.298771,-33.549503,University of Sydney
Doryanthes excelsa,151.298933,-33.549376,University of Sydney
Doryanthes excelsa,151.298654,-33.549481,University of Sydney
Doryanthes excelsa,151.297925,-33.549269,University of Sydney
Stenocarpus sinuatus,151.189202,-33.88514,University of Sydney
Stenocarpus sinuatus,151.189745,-33.887531,University of Sydney
Stenocarpus sinuatus,151.189866,-33.887855,University of Sydney
Stenocarpus sinuatus,151.189603,-33.889032,University of Sydney
Stenocarpus sinuatus,151.189443,-33.889031,University of Sydney
Stenocarpus sinuatus,151.185444,-33.88702,University of Sydney
Stenocarpus sinuatus,151.189225,-33.885096,University of Sydney
Stenocarpus sinuatus,151.190444,-33.891102,University of Sydney
Stenocarpus sinuatus,151.190395,-33.891121,University of Sydney
Stenocarpus sinuatus,151.192399,-33.888896,University of Sydney
Stenocarpus sinuatus,151.19241,-33.888841,University of Sydney
Stenocarpus sinuatus,151.192471,-33.888853,University of Sydney
Stenocarpus sinuatus,151.192508,-33.888883,University of Sydney
Stenocarpus sinuatus,151.191225,-33.88987,University of Sydney
Stenocarpus sinuatus,151.191277,-33.889942,University of Sydney
Stenocarpus sinuatus,151.194459,-33.888447,University of Sydney
Stenocarpus sinuatus,151.049118,-33.882015,University of Sydney
Stenocarpus sinuatus,151.048713,-33.882499,University of Sydney
Stenocarpus sinuatus,151.048728,-33.882538,University of Sydney
Stenocarpus sinuatus,151.048494,-33.882804,University of Sydney
Stenocarpus sinuatus,151.048668,-33.880755,University of Sydney
Stenocarpus sinuatus,151.189718,-33.887523,University of Sydney
Stenocarpus sinuatus,151.189825,-33.888821,University of Sydney
Grevillea sp.,150.65543,-34.032169,University of Sydney
Banksia integrifolia,151.190167,-33.886535,University of Sydney
Banksia integrifolia,151.19023,-33.886545,University of Sydney
Banksia integrifolia,151.190225,-33.886485,University of Sydney
Banksia integrifolia,151.190185,-33.88644,University of Sydney
Banksia integrifolia,151.185809,-33.891689,University of Sydney
Banksia integrifolia,151.185696,-33.891669,University of Sydney
Banksia integrifolia,151.182854,-33.887876,University of Sydney
Banksia integrifolia,151.183487,-33.886985,University of Sydney
Banksia integrifolia,151.183418,-33.886997,University of Sydney
Banksia integrifolia,151.183505,-33.887048,University of Sydney
Banksia integrifolia,151.190185,-33.891157,University of Sydney
Banksia integrifolia,147.592578,-33.939274,University of Sydney
Banksia integrifolia,147.592571,-33.939379,University of Sydney
Banksia integrifolia,147.592569,-33.93942,University of Sydney
Banksia integrifolia,147.59256,-33.939565,University of Sydney
Banksia integrifolia,147.592555,-33.939637,University of Sydney
Banksia integrifolia,147.592544,-33.939816,University of Sydney
Banksia integrifolia,151.186401,-33.886183,University of Sydney
Banksia integrifolia,151.184394,-33.888881,University of Sydney
Banksia integrifolia,151.184296,-33.888902,University of Sydney
Banksia integrifolia,151.184167,-33.888927,University of Sydney
Banksia integrifolia,151.183033,-33.888089,University of Sydney
Banksia integrifolia,151.189659,-33.891356,University of Sydney
Banksia serrata,151.18758,-33.887492,University of Sydney
Banksia serrata,151.187622,-33.88774,University of Sydney
Banksia serrata,151.187636,-33.887838,University of Sydney
Banksia serrata,151.188816,-33.888446,University of Sydney
Banksia serrata,151.183641,-33.88543,University of Sydney
Banksia serrata,151.191146,-33.889974,University of Sydney
Banksia serrata,151.194652,-33.88904,University of Sydney
Banksia serrata,151.194606,-33.889026,University of Sydney
Banksia serrata,151.194567,-33.889013,University of Sydney
Banksia serrata,151.18288,-33.88652,University of Sydney
Banksia serrata,151.192232,-33.889342,University of Sydney
Grevillea robusta,151.184293,-33.885813,University of Sydney
Grevillea robusta,151.183881,-33.885825,University of Sydney
Grevillea robusta,151.183109,-33.886539,University of Sydney
Grevillea robusta,151.182721,-33.886361,University of Sydney
Grevillea robusta,151.191127,-33.891315,University of Sydney
Grevillea robusta,150.652877,-34.035615,University of Sydney
Grevillea robusta,150.656174,-34.03545,University of Sydney
Grevillea robusta,151.047886,-33.881289,University of Sydney
Grevillea robusta,151.047861,-33.881749,University of Sydney
Grevillea robusta,147.602706,-33.778912,University of Sydney
Grevillea robusta,150.667182,-34.017652,University of Sydney
Olea africana,151.19048,-33.885019,University of Sydney
Olea africana,151.182959,-33.886455,University of Sydney
Olea africana,151.182656,-33.886334,University of Sydney
Olea africana,151.16231,-33.867423,University of Sydney
Schinus areira,151.162743,-33.866779,University of Sydney
Schinus areira,151.162864,-33.866655,University of Sydney
Schinus areira,151.163247,-33.864999,University of Sydney
Schinus areira,151.163254,-33.864915,University of Sydney
Schinus areira,151.163156,-33.864913,University of Sydney
Schinus areira,151.163509,-33.86483,University of Sydney
Schinus areira,151.163617,-33.8648,University of Sydney
Schinus areira,151.161891,-33.865345,University of Sydney
Schinus areira,151.162129,-33.866071,University of Sydney
Schinus areira,151.162,-33.8662,University of Sydney
Schinus areira,151.161995,-33.866254,University of Sydney
Schinus areira,151.161902,-33.866253,University of Sydney
Schinus areira,151.161821,-33.866257,University of Sydney
Schinus areira,151.161816,-33.866188,University of Sydney
Schinus areira,151.16226,-33.86741,University of Sydney
Schinus areira,151.163545,-33.86702,University of Sydney
Schinus areira,151.163563,-33.866987,University of Sydney
Schinus areira,151.163558,-33.866873,University of Sydney
Schinus areira,151.163465,-33.866863,University of Sydney
Schinus areira,151.163283,-33.866868,University of Sydney
Schinus areira,151.163313,-33.866832,University of Sydney
Schinus areira,151.16335,-33.866051,University of Sydney
Schinus areira,150.667529,-34.018478,University of Sydney
Schinus areira,150.658604,-34.029679,University of Sydney
Schinus areira,150.658618,-34.029634,University of Sydney
Schinus areira,150.658623,-34.029595,University of Sydney
Schinus areira,150.658819,-34.029545,University of Sydney
Schinus areira,150.658878,-34.029786,University of Sydney
Schinus areira,150.658956,-34.029623,University of Sydney
Schinus areira,150.659003,-34.029637,University of Sydney
Schinus areira,150.657575,-34.029629,University of Sydney
Schinus areira,150.658105,-34.028917,University of Sydney
Schinus areira,150.657921,-34.028988,University of Sydney
Schinus areira,150.657679,-34.026393,University of Sydney
Schinus areira,151.050469,-33.883547,University of Sydney
Harpephyllum caffrum,151.194149,-33.888801,University of Sydney
Pyrus calleryana,151.185758,-33.88552,University of Sydney
Pyrus calleryana,151.185806,-33.885513,University of Sydney
Pyrus calleryana,151.185834,-33.885514,University of Sydney
Pyrus calleryana,151.185881,-33.88546,University of Sydney
Pyrus calleryana,151.185879,-33.885427,University of Sydney
Pyrus calleryana,151.185881,-33.885399,University of Sydney
Pyrus calleryana,151.185792,-33.885409,University of Sydney
Pyrus calleryana,151.184385,-33.886067,University of Sydney
Pyrus calleryana,151.184545,-33.885915,University of Sydney
Pyrus calleryana,151.185359,-33.885973,University of Sydney
Pyrus calleryana,151.185582,-33.886367,University of Sydney
Pyrus calleryana,151.185629,-33.886774,University of Sydney
Pyrus calleryana,151.184372,-33.886107,University of Sydney
Pyrus calleryana,151.184392,-33.886045,University of Sydney
Pyrus calleryana,151.184403,-33.886019,University of Sydney
Pyrus calleryana,151.184426,-33.885971,University of Sydney
Pyrus calleryana,151.184466,-33.885939,University of Sydney
Pyrus calleryana,151.184489,-33.885924,University of Sydney
Pyrus calleryana,151.18452,-33.885912,University of Sydney
Pyrus calleryana,151.184574,-33.885915,University of Sydney
Pyrus calleryana,151.184601,-33.885915,University of Sydney
Pyrus calleryana,151.18463,-33.885916,University of Sydney
Pyrus calleryana,151.185154,-33.885907,University of Sydney
Pyrus calleryana,151.185198,-33.885914,University of Sydney
Pyrus calleryana,151.185242,-33.885928,University of Sydney
Pyrus calleryana,151.185279,-33.88594,University of Sydney
Pyrus calleryana,151.185317,-33.885953,University of Sydney
Pyrus calleryana,151.185387,-33.885997,University of Sydney
Pyrus calleryana,151.18541,-33.886019,University of Sydney
Pyrus calleryana,151.185428,-33.886043,University of Sydney
Pyrus calleryana,151.185451,-33.886062,University of Sydney
Pyrus calleryana,151.185469,-33.886079,University of Sydney
Pyrus calleryana,151.185488,-33.88611,University of Sydney
Pyrus calleryana,151.185506,-33.886136,University of Sydney
Pyrus calleryana,151.185531,-33.886188,University of Sydney
Pyrus calleryana,151.185546,-33.886213,University of Sydney
Pyrus calleryana,151.185565,-33.88626,University of Sydney
Pyrus calleryana,151.185575,-33.886292,University of Sydney
Pyrus calleryana,151.185577,-33.886337,University of Sydney
Pyrus calleryana,151.191428,-33.889693,University of Sydney
Pyrus calleryana,151.19149,-33.889665,University of Sydney
Pyrus calleryana,151.191572,-33.889629,University of Sydney
Pyrus calleryana,151.191639,-33.889593,University of Sydney
Pyrus calleryana,151.191707,-33.889553,University of Sydney
Pyrus calleryana,151.191777,-33.889515,University of Sydney
Pyrus calleryana,151.191826,-33.889481,University of Sydney
Pyrus calleryana,151.191941,-33.889436,University of Sydney
Pyrus calleryana,151.191996,-33.889408,University of Sydney
Pyrus calleryana,151.192065,-33.889367,University of Sydney
Pyrus calleryana,151.192138,-33.889323,University of Sydney
Pyrus calleryana,151.192216,-33.889283,University of Sydney
Pyrus calleryana,151.192279,-33.889251,University of Sydney
Pyrus calleryana,151.19235,-33.889213,University of Sydney
Pyrus calleryana,151.19242,-33.889171,University of Sydney
Pyrus calleryana,151.19248,-33.889139,University of Sydney
Pyrus calleryana,151.192818,-33.88893,University of Sydney
Pyrus calleryana,151.192824,-33.888806,University of Sydney
Pyrus calleryana,151.192754,-33.88883,University of Sydney
Pyrus calleryana,151.19276,-33.88885,University of Sydney
Pyrus calleryana,151.192692,-33.888864,University of Sydney
Pyrus calleryana,151.192706,-33.888888,University of Sydney
Pyrus calleryana,151.192627,-33.888898,University of Sydney
Pyrus calleryana,151.192525,-33.888946,University of Sydney
Pyrus calleryana,151.192542,-33.888962,University of Sydney
Pyrus calleryana,151.192476,-33.888988,University of Sydney
Pyrus calleryana,151.192411,-33.889011,University of Sydney
Pyrus calleryana,151.192335,-33.889041,University of Sydney
Pyrus calleryana,151.192345,-33.889062,University of Sydney
Pyrus calleryana,151.192268,-33.889091,University of Sydney
Pyrus calleryana,151.192174,-33.889129,University of Sydney
Pyrus calleryana,151.19219,-33.889147,University of Sydney
Pyrus calleryana,151.192108,-33.889169,University of Sydney
Pyrus calleryana,151.192063,-33.889221,University of Sydney
Pyrus calleryana,151.191992,-33.889218,University of Sydney
Pyrus calleryana,151.192003,-33.889244,University of Sydney
Pyrus calleryana,151.192042,-33.889197,University of Sydney
Pyrus calleryana,151.191932,-33.889291,University of Sydney
Pyrus calleryana,151.191914,-33.889268,University of Sydney
Pyrus calleryana,151.191845,-33.88932,University of Sydney
Pyrus calleryana,151.191861,-33.889337,University of Sydney
Pyrus calleryana,151.191609,-33.889459,University of Sydney
Pyrus calleryana,151.191624,-33.889477,University of Sydney
Pyrus calleryana,151.19155,-33.889499,University of Sydney
Pyrus calleryana,151.19149,-33.889533,University of Sydney
Pyrus calleryana,151.19141,-33.889567,University of Sydney
Pyrus calleryana,151.191429,-33.889585,University of Sydney
Pyrus calleryana,151.191355,-33.889587,University of Sydney
Pyrus calleryana,151.191374,-33.889608,University of Sydney
Pyrus calleryana,151.190958,-33.889827,University of Sydney
Pyrus calleryana,151.190869,-33.889867,University of Sydney
Pyrus calleryana,151.190782,-33.889916,University of Sydney
Pyrus calleryana,151.190633,-33.889989,University of Sydney
Pyrus calleryana,151.190983,-33.889921,University of Sydney
Pyrus calleryana,151.191092,-33.88986,University of Sydney
Pyrus calleryana,151.191615,-33.88904,University of Sydney
Pyrus calleryana,151.19164,-33.889078,University of Sydney
Pyrus calleryana,151.191256,-33.889779,University of Sydney
Pyrus calleryana,151.191306,-33.889749,University of Sydney
Pyrus calleryana,151.191772,-33.88939,University of Sydney
Pyrus calleryana,150.656205,-34.036538,University of Sydney
Pyrus calleryana,150.712518,-33.761583,University of Sydney
Pyrus calleryana,147.602326,-33.784948,University of Sydney
Pyrus calleryana,147.592569,-33.939413,University of Sydney
Pyrus calleryana,147.592571,-33.939385,University of Sydney
Pyrus calleryana,147.592573,-33.939358,University of Sydney
Pyrus calleryana,147.592574,-33.939337,University of Sydney
Pyrus calleryana,147.592576,-33.939309,University of Sydney
Pyrus calleryana,147.592578,-33.93928,University of Sydney
Pyrus calleryana,147.59258,-33.939241,University of Sydney
Pyrus calleryana,147.592583,-33.939189,University of Sydney
Pyrus calleryana,147.592585,-33.939155,University of Sydney
Pyrus calleryana,147.592778,-33.93612,University of Sydney
Pyrus calleryana,147.592774,-33.936175,University of Sydney
Pyrus calleryana,147.592771,-33.93623,University of Sydney
Pyrus calleryana,147.592767,-33.936288,University of Sydney
Pyrus calleryana,147.592764,-33.936339,University of Sydney
Pyrus calleryana,147.592761,-33.936384,University of Sydney
Pyrus calleryana,147.592758,-33.936438,University of Sydney
Pyrus calleryana,147.592753,-33.936506,University of Sydney
Pyrus calleryana,147.592749,-33.936571,University of Sydney
Pyrus calleryana,151.186204,-33.886145,University of Sydney
Pyrus calleryana,151.186208,-33.886169,University of Sydney
Pyrus calleryana,151.186208,-33.886169,University of Sydney
Pyrus calleryana,151.185629,-33.8866,University of Sydney
Pyrus calleryana,151.185561,-33.88624,University of Sydney
Pyrus calleryana,151.185631,-33.886694,University of Sydney
Pyrus calleryana,151.185623,-33.886719,University of Sydney
Pyrus calleryana,151.185625,-33.886746,University of Sydney
Photinia serratifolia,151.186783,-33.886038,University of Sydney
Araucaria bidwillii,151.191039,-33.884966,University of Sydney
Araucaria bidwillii,151.161725,-33.864891,University of Sydney
Araucaria bidwillii,151.161924,-33.865151,University of Sydney
Araucaria bidwillii,151.18227,-33.886248,University of Sydney
Araucaria bidwillii,151.182585,-33.886411,University of Sydney
Araucaria bidwillii,151.182763,-33.88648,University of Sydney
Araucaria bidwillii,151.048533,-33.88089,University of Sydney
Araucaria bidwillii,151.048421,-33.880885,University of Sydney
Araucaria bidwillii,151.049092,-33.880825,University of Sydney
Araucaria bidwillii,151.049365,-33.88077,University of Sydney
Agathis robusta,151.188896,-33.884939,University of Sydney
Agathis robusta,151.189767,-33.887456,University of Sydney
Agathis robusta,151.050644,-33.882569,University of Sydney
Agathis robusta,151.05061,-33.882513,University of Sydney
Agathis robusta,151.050379,-33.882109,University of Sydney
Agathis robusta,151.050875,-33.883029,University of Sydney
Agathis robusta,151.050849,-33.882969,University of Sydney
Agathis robusta,151.050767,-33.882877,University of Sydney
Agathis robusta,151.05076,-33.882913,University of Sydney
Araucaria cunninghamii,151.185924,-33.88742,University of Sydney
Araucaria cunninghamii,151.185955,-33.887888,University of Sydney
Araucaria cunninghamii,151.185798,-33.887102,University of Sydney
Araucaria cunninghamii,151.185827,-33.887148,University of Sydney
Araucaria cunninghamii,151.185868,-33.887207,University of Sydney
Araucaria cunninghamii,151.185903,-33.887364,University of Sydney
Araucaria cunninghamii,151.18591,-33.887295,University of Sydney
Araucaria cunninghamii,151.185749,-33.887044,University of Sydney
Wollemia nobilis,151.189076,-33.885079,University of Sydney
Gordonia axillaris,151.16208,-33.86557,University of Sydney
Camellia japonica,151.188183,-33.885733,University of Sydney
Camellia japonica,151.188357,-33.886108,University of Sydney
Camellia japonica,151.188348,-33.886053,University of Sydney
Camellia japonica,151.188289,-33.885964,University of Sydney
Camellia japonica,151.18822,-33.885974,University of Sydney
Camellia japonica,151.188192,-33.885978,University of Sydney
Camellia japonica,151.188154,-33.88598,University of Sydney
Camellia japonica,151.188112,-33.885988,University of Sydney
Camellia japonica,151.187863,-33.886806,University of Sydney
Camellia japonica,151.188691,-33.886615,University of Sydney
Camellia japonica,151.186658,-33.88525,University of Sydney
Camellia japonica,151.186788,-33.885857,University of Sydney
Camellia japonica,151.186534,-33.886884,University of Sydney
Camellia japonica,151.186352,-33.887051,University of Sydney
Camellia japonica,151.18541,-33.885559,University of Sydney
Camellia japonica,151.185378,-33.885565,University of Sydney
Camellia japonica,151.18952,-33.891054,University of Sydney
Camellia japonica,151.189503,-33.891071,University of Sydney
Camellia japonica,151.189484,-33.891085,University of Sydney
Camellia japonica,151.162223,-33.865576,University of Sydney
Camellia japonica,151.163419,-33.866687,University of Sydney
Camellia japonica,147.60259,-33.780764,University of Sydney
Camellia japonica,151.188221,-33.88579,University of Sydney
Camellia japonica,151.18625,-33.887054,University of Sydney
Camellia japonica,151.186243,-33.887036,University of Sydney
Camellia japonica,151.186226,-33.887054,University of Sydney
Camellia japonica,151.186219,-33.887035,University of Sydney
Camellia japonica,151.186192,-33.887034,University of Sydney
Camellia japonica,151.186182,-33.887054,University of Sydney
Camellia japonica,151.18617,-33.887035,University of Sydney
Camellia japonica,151.186159,-33.887052,University of Sydney
Camellia japonica,151.18652,-33.886999,University of Sydney
Camellia japonica,151.186507,-33.886999,University of Sydney
Camellia japonica,151.186494,-33.886999,University of Sydney
Camellia japonica,151.186467,-33.887001,University of Sydney
Camellia japonica,151.186453,-33.887001,University of Sydney
Camellia japonica,151.186441,-33.887001,University of Sydney
Camellia japonica,151.186428,-33.887001,University of Sydney
Camellia japonica,151.186407,-33.887017,University of Sydney
Camellia japonica,151.186394,-33.887017,University of Sydney
Camellia japonica,151.186371,-33.887018,University of Sydney
Camellia japonica,151.18636,-33.887018,University of Sydney
Camellia japonica,151.187463,-33.885341,University of Sydney
Camellia japonica,151.187363,-33.88537,University of Sydney
Camellia sasanqua,151.188601,-33.884988,University of Sydney
Camellia sasanqua,151.187193,-33.885423,University of Sydney
Camellia sasanqua,151.187033,-33.885413,University of Sydney
Camellia sasanqua,151.186935,-33.885696,University of Sydney
Camellia sasanqua,151.18696,-33.885691,University of Sydney
Camellia sasanqua,151.18708,-33.885407,University of Sydney
Camellia sasanqua,151.187132,-33.885402,University of Sydney
Camellia sasanqua,151.187156,-33.885401,University of Sydney
Camellia sasanqua,151.187187,-33.885399,University of Sydney
Camellia sasanqua,151.18962,-33.891161,University of Sydney
Camellia sasanqua,151.189162,-33.891237,University of Sydney
Camellia sasanqua,151.190299,-33.890376,University of Sydney
Camellia sasanqua,151.190202,-33.890418,University of Sydney
Camellia sasanqua,151.190174,-33.890432,University of Sydney
Camellia sasanqua,151.190458,-33.890564,University of Sydney
Camellia sasanqua,151.192924,-33.890823,University of Sydney
Camellia sasanqua,151.192919,-33.89084,University of Sydney
Camellia sasanqua,151.192913,-33.890863,University of Sydney
Camellia sasanqua,151.18874,-33.891443,University of Sydney
Camellia sasanqua,151.188726,-33.891433,University of Sydney
Camellia sasanqua,151.188712,-33.891418,University of Sydney
Camellia sasanqua,151.188701,-33.891406,University of Sydney
Camellia sasanqua,151.188685,-33.891392,University of Sydney
Camellia sasanqua,151.188669,-33.891376,University of Sydney
Camellia sasanqua,151.188658,-33.891366,University of Sydney
Camellia sasanqua,151.186644,-33.885841,University of Sydney
Camellia sasanqua,151.186645,-33.885859,University of Sydney
Camellia sasanqua,151.186662,-33.885868,University of Sydney
Camellia sasanqua,151.186672,-33.885863,University of Sydney
Camellia sasanqua,151.186686,-33.885862,University of Sydney
Camellia sasanqua,151.186696,-33.885869,University of Sydney
Camellia sasanqua,151.186598,-33.886996,University of Sydney
Ulmus parvifolia,151.188947,-33.885105,University of Sydney
Ulmus parvifolia,151.186479,-33.885636,University of Sydney
Ulmus parvifolia,151.186714,-33.885613,University of Sydney
Ulmus parvifolia,151.183311,-33.885643,University of Sydney
Ulmus parvifolia,151.183652,-33.885587,University of Sydney
Ulmus parvifolia,151.189452,-33.887494,University of Sydney
Ulmus parvifolia,151.190507,-33.887735,University of Sydney
Ulmus parvifolia,151.190576,-33.887723,University of Sydney
Ulmus parvifolia,151.19058,-33.890887,University of Sydney
Ulmus parvifolia,151.190468,-33.890926,University of Sydney
Ulmus parvifolia,151.162216,-33.864511,University of Sydney
Ulmus parvifolia,151.161957,-33.867,University of Sydney
Ulmus parvifolia,151.161979,-33.86665,University of Sydney
Ulmus parvifolia,151.162214,-33.866622,University of Sydney
Ulmus parvifolia,151.162217,-33.866734,University of Sydney
Ulmus parvifolia,150.666312,-34.018163,University of Sydney
Ulmus parvifolia,150.66636,-34.01806,University of Sydney
Ulmus parvifolia,150.666426,-34.018084,University of Sydney
Ulmus parvifolia,150.667809,-34.018419,University of Sydney
Ulmus parvifolia,150.667816,-34.018372,University of Sydney
Ulmus parvifolia,150.655795,-34.034811,University of Sydney
Ulmus parvifolia,150.656301,-34.035711,University of Sydney
Ulmus parvifolia,150.658011,-34.031303,University of Sydney
Ulmus parvifolia,150.658027,-34.031227,University of Sydney
Ulmus parvifolia,150.65304,-34.036072,University of Sydney
Ulmus parvifolia,150.652941,-34.034211,University of Sydney
Podocarpus elatus,151.185665,-33.88856,University of Sydney
Podocarpus elatus,151.185601,-33.88849,University of Sydney
Podocarpus spinulosus,151.184408,-33.887529,University of Sydney
Afrocarpus falcatus,151.18611,-33.887191,University of Sydney
Afrocarpus falcatus,150.653117,-34.035715,University of Sydney
Afrocarpus falcatus,150.653107,-34.035666,University of Sydney
Afrocarpus falcatus,150.653085,-34.03562,University of Sydney
Cupressus sempervirens,151.188444,-33.884884,University of Sydney
Cupressus sempervirens,151.188388,-33.887636,University of Sydney
Cupressus sempervirens,151.188384,-33.887595,University of Sydney
Cupressus sempervirens,151.188376,-33.887512,University of Sydney
Cupressus sempervirens,151.188359,-33.887404,University of Sydney
Cupressus sempervirens,151.188344,-33.88737,University of Sydney
Cupressus sempervirens,151.188337,-33.887338,University of Sydney
Cupressus sempervirens,151.188333,-33.887309,University of Sydney
Cupressus sempervirens,151.188323,-33.887272,University of Sydney
Cupressus sempervirens,151.18742,-33.887995,University of Sydney
Cupressus sempervirens,151.187359,-33.888006,University of Sydney
Cupressus sempervirens,151.187263,-33.888015,University of Sydney
Cupressus sempervirens,151.186976,-33.888051,University of Sydney
Cupressus sempervirens,151.186903,-33.888056,University of Sydney
Cupressus sempervirens,151.047603,-33.881488,University of Sydney
Cupressus torulosa,151.186242,-33.885754,University of Sydney
Cupressus torulosa,151.186271,-33.885765,University of Sydney
Cupressus torulosa,151.186352,-33.885779,University of Sydney
Cupressus torulosa,151.189049,-33.888562,University of Sydney
Cupressus torulosa,151.18903,-33.888459,University of Sydney
Cupressus torulosa,151.184594,-33.888753,University of Sydney
Cupressus torulosa,151.184587,-33.888753,University of Sydney
Cupressus torulosa,151.184578,-33.888754,University of Sydney
Cupressus torulosa,151.184571,-33.888754,University of Sydney
Cupressus torulosa,151.184555,-33.888755,University of Sydney
Cupressus torulosa,151.184545,-33.888757,University of Sydney
Cupressus torulosa,151.184533,-33.888758,University of Sydney
Cupressus torulosa,151.184492,-33.888762,University of Sydney
Cupressus torulosa,151.184478,-33.888764,University of Sydney
Cupressus torulosa,151.184455,-33.888765,University of Sydney
Cupressus torulosa,151.184445,-33.888767,University of Sydney
Cupressus torulosa,151.184425,-33.888768,University of Sydney
Cupressus torulosa,151.184413,-33.888769,University of Sydney
Cupressus torulosa,151.184401,-33.888771,University of Sydney
Cupressus torulosa,151.184387,-33.888773,University of Sydney
Cupressus torulosa,151.183248,-33.885732,University of Sydney
Cupressus torulosa,151.18326,-33.885843,University of Sydney
Cupressus torulosa,151.189203,-33.891141,University of Sydney
Cupressus torulosa,151.189678,-33.890661,University of Sydney
Cupressus torulosa,151.189732,-33.890621,University of Sydney
Cupressus torulosa,151.163234,-33.86529,University of Sydney
Cupressocyparis leylandii,151.188453,-33.884903,University of Sydney
Juniperus sp.,151.187861,-33.887978,University of Sydney
Juniperus sp.,151.187799,-33.887986,University of Sydney
Juniperus sp.,151.187705,-33.887999,University of Sydney
Juniperus sp.,151.161657,-33.864529,University of Sydney
Callitris rhomboidea,151.183412,-33.885694,University of Sydney
Callitris columellaris,151.188349,-33.885446,University of Sydney
Callitris columellaris,151.188192,-33.885458,University of Sydney
Callitris columellaris,151.189096,-33.888809,University of Sydney
Callitris columellaris,151.186774,-33.888068,University of Sydney
Callitris columellaris,151.186375,-33.888142,University of Sydney
Callitris columellaris,151.186287,-33.888147,University of Sydney
Callitris columellaris,151.04976,-33.883002,University of Sydney
Callitris columellaris,151.049734,-33.883018,University of Sydney
Callitris columellaris,151.048225,-33.883494,University of Sydney
Pteridium esculentum,151.189167,-33.884972,University of Sydney
Ficus microcarpa var hillii,150.655345,-34.034601,University of Sydney
Ficus microcarpa var hillii,150.655463,-34.03462,University of Sydney
Ficus microcarpa var hillii,150.655636,-34.035157,University of Sydney
Ficus microcarpa var hillii,150.656013,-34.034884,University of Sydney
Ficus microcarpa var hillii,150.656586,-34.034753,University of Sydney
Ficus microcarpa var hillii,150.656803,-34.03465,University of Sydney
Ficus microcarpa var hillii,151.163515,-33.864412,University of Sydney
Ficus microcarpa var hillii,151.162483,-33.863915,University of Sydney
Ficus microcarpa var hillii,150.655463,-34.03462,University of Sydney
Ficus microcarpa var hillii,150.655636,-34.035157,University of Sydney
Ficus microcarpa var hillii,150.656013,-34.034884,University of Sydney
Ficus microcarpa var hillii,150.656586,-34.034753,University of Sydney
Ficus microcarpa var hillii,150.656803,-34.03465,University of Sydney
Ficus microcarpa var hillii,150.656201,-34.035515,University of Sydney
Ficus microcarpa var hillii,150.655345,-34.034601,University of Sydney
Ficus microcarpa var hillii,151.048815,-33.882223,University of Sydney
Ficus microcarpa var hillii,151.0489,-33.88223,University of Sydney
Ficus microcarpa var hillii,151.048979,-33.882208,University of Sydney
Ficus microcarpa var hillii,151.049031,-33.882173,University of Sydney
Ficus microcarpa var hillii,151.049045,-33.882121,University of Sydney
Ficus microcarpa var hillii,151.184794,-33.889813,University of Sydney
Ficus microcarpa var hillii,151.185698,-33.888736,University of Sydney
Ficus microcarpa var hillii,151.185572,-33.888789,University of Sydney
Ficus microcarpa var hillii,151.185552,-33.888911,University of Sydney
Ficus microcarpa var hillii,151.185535,-33.888683,University of Sydney
Ficus microcarpa var hillii,151.189519,-33.889734,University of Sydney
Ficus microcarpa var hillii,151.185598,-33.888638,University of Sydney
Ficus macrophylla,151.190292,-33.884926,University of Sydney
Ficus macrophylla,151.190516,-33.884924,University of Sydney
Ficus macrophylla,151.190744,-33.884913,University of Sydney
Ficus macrophylla,151.189951,-33.884944,University of Sydney
Ficus macrophylla,151.18971,-33.884997,University of Sydney
Ficus macrophylla,151.189628,-33.884912,University of Sydney
Ficus macrophylla,151.189502,-33.884916,University of Sydney
Ficus macrophylla,151.189442,-33.884907,University of Sydney
Ficus macrophylla,151.189373,-33.884906,University of Sydney
Ficus macrophylla,151.18929,-33.884905,University of Sydney
Ficus macrophylla,151.1892,-33.884903,University of Sydney
Ficus macrophylla,151.189129,-33.884901,University of Sydney
Ficus macrophylla,151.188056,-33.884903,University of Sydney
Ficus macrophylla,151.187748,-33.884903,University of Sydney
Ficus macrophylla,151.190006,-33.886682,University of Sydney
Ficus macrophylla,151.190368,-33.889017,University of Sydney
Ficus macrophylla,151.190178,-33.889183,University of Sydney
Ficus macrophylla,151.190131,-33.889276,University of Sydney
Ficus macrophylla,151.188116,-33.888329,University of Sydney
Ficus macrophylla,151.190966,-33.888725,University of Sydney
Ficus macrophylla,151.19085,-33.888779,University of Sydney
Ficus macrophylla,151.190722,-33.888836,University of Sydney
Ficus macrophylla,151.190597,-33.888886,University of Sydney
Ficus macrophylla,151.191292,-33.888555,University of Sydney
Ficus macrophylla,151.191204,-33.888362,University of Sydney
Ficus macrophylla,151.181852,-33.885974,University of Sydney
Ficus macrophylla,151.181862,-33.885935,University of Sydney
Ficus macrophylla,151.181762,-33.885977,University of Sydney
Ficus macrophylla,151.181762,-33.88596,University of Sydney
Ficus macrophylla,151.181748,-33.88592,University of Sydney
Ficus macrophylla,151.181581,-33.885922,University of Sydney
Ficus macrophylla,151.189789,-33.889615,University of Sydney
Ficus macrophylla,151.188928,-33.891324,University of Sydney
Ficus macrophylla,151.189864,-33.890128,University of Sydney
Ficus macrophylla,151.190022,-33.889953,University of Sydney
Ficus macrophylla,151.190189,-33.889919,University of Sydney
Ficus macrophylla,151.190304,-33.89002,University of Sydney
Ficus macrophylla,151.190745,-33.890605,University of Sydney
Ficus macrophylla,151.19037,-33.889557,University of Sydney
Ficus macrophylla,151.192794,-33.889308,University of Sydney
Ficus macrophylla,151.19202,-33.88856,University of Sydney
Ficus macrophylla,151.189677,-33.891272,University of Sydney
Ficus macrophylla,151.16377,-33.864637,University of Sydney
Ficus macrophylla,151.163701,-33.864464,University of Sydney
Ficus macrophylla,151.162865,-33.864052,University of Sydney
Ficus macrophylla,151.050177,-33.881703,University of Sydney
Ficus macrophylla,147.60244,-33.783137,University of Sydney
Ficus macrophylla,151.18198,-33.886042,University of Sydney
Ficus obliqua,151.190267,-33.885912,University of Sydney
Ficus obliqua,151.190342,-33.885902,University of Sydney
Ficus obliqua,151.190415,-33.885982,University of Sydney
Ficus obliqua,151.190467,-33.885896,University of Sydney
Ficus obliqua,151.19066,-33.885875,University of Sydney
Ficus obliqua,151.190759,-33.88587,University of Sydney
Ficus obliqua,151.19095,-33.885543,University of Sydney
Ficus obliqua,151.190796,-33.885556,University of Sydney
Ficus obliqua,151.190727,-33.885559,University of Sydney
Ficus obliqua,151.19039,-33.8856,University of Sydney
Ficus obliqua,151.191239,-33.884979,University of Sydney
Ficus obliqua,151.189532,-33.88501,University of Sydney
Ficus obliqua,151.189598,-33.886738,University of Sydney
Ficus obliqua,151.186252,-33.88801,University of Sydney
Ficus obliqua,151.185799,-33.888609,University of Sydney
Ficus obliqua,151.186021,-33.888407,University of Sydney
Ficus obliqua,151.186114,-33.888312,University of Sydney
Ficus obliqua,151.186122,-33.888213,University of Sydney
Ficus obliqua,151.190002,-33.885095,University of Sydney
Ficus obliqua,151.189938,-33.88501,University of Sydney
Ficus obliqua,151.189861,-33.88494,University of Sydney
Ficus obliqua,151.189165,-33.886544,University of Sydney
Ficus obliqua,151.189747,-33.886748,University of Sydney
Ficus obliqua,151.186083,-33.887799,University of Sydney
Ficus obliqua,151.189394,-33.886549,University of Sydney
Ficus obliqua,151.185893,-33.885075,University of Sydney
Ficus obliqua,151.189995,-33.890077,University of Sydney
Ficus obliqua,151.190111,-33.889823,University of Sydney
Ficus obliqua,147.602581,-33.7809,University of Sydney
Ficus obliqua,147.602586,-33.780828,University of Sydney
Ficus obliqua,147.602585,-33.780832,University of Sydney
Ficus obliqua,151.184338,-33.887204,University of Sydney
Ficus rubiginosa,151.190568,-33.885882,University of Sydney
Ficus rubiginosa,151.191184,-33.885505,University of Sydney
Ficus rubiginosa,151.191112,-33.885522,University of Sydney
Ficus rubiginosa,151.190872,-33.88554,University of Sydney
Ficus rubiginosa,151.190638,-33.885566,University of Sydney
Ficus rubiginosa,151.190546,-33.885579,University of Sydney
Ficus rubiginosa,151.190468,-33.885594,University of Sydney
Ficus rubiginosa,151.190309,-33.885613,University of Sydney
Ficus rubiginosa,151.190204,-33.885622,University of Sydney
Ficus rubiginosa,151.190111,-33.885634,University of Sydney
Ficus rubiginosa,151.190198,-33.884912,University of Sydney
Ficus rubiginosa,151.19032,-33.885058,University of Sydney
Ficus rubiginosa,151.1907,-33.885019,University of Sydney
Ficus rubiginosa,151.190835,-33.885076,University of Sydney
Ficus rubiginosa,151.189789,-33.884995,University of Sydney
Ficus rubiginosa,151.189336,-33.885005,University of Sydney
Ficus rubiginosa,151.189035,-33.884905,University of Sydney
Ficus rubiginosa,151.187693,-33.884878,University of Sydney
Ficus rubiginosa,151.188461,-33.887115,University of Sydney
Ficus rubiginosa,151.19103,-33.885542,University of Sydney
Ficus rubiginosa,151.186491,-33.888001,University of Sydney
Ficus rubiginosa,151.186041,-33.887446,University of Sydney
Ficus rubiginosa,151.190216,-33.884901,University of Sydney
Ficus rubiginosa,151.190239,-33.884912,University of Sydney
Ficus rubiginosa,151.190269,-33.884917,University of Sydney
Ficus rubiginosa,151.190461,-33.884942,University of Sydney
Ficus rubiginosa,151.183363,-33.886756,University of Sydney
Ficus rubiginosa,151.183385,-33.886916,University of Sydney
Ficus rubiginosa,151.185527,-33.885112,University of Sydney
Ficus rubiginosa,151.185617,-33.885109,University of Sydney
Ficus rubiginosa,151.18571,-33.885097,University of Sydney
Ficus rubiginosa,151.185784,-33.88509,University of Sydney
Ficus rubiginosa,151.190253,-33.889967,University of Sydney
Ficus rubiginosa,151.191891,-33.890748,University of Sydney
Ficus rubiginosa,151.192065,-33.890678,University of Sydney
Ficus rubiginosa,151.192163,-33.890631,University of Sydney
Ficus rubiginosa,151.192504,-33.890381,University of Sydney
Ficus rubiginosa,151.162108,-33.864538,University of Sydney
Ficus rubiginosa,151.16367,-33.864637,University of Sydney
Ficus rubiginosa,151.163583,-33.864506,University of Sydney
Ficus rubiginosa,151.162686,-33.864106,University of Sydney
Ficus rubiginosa,151.162765,-33.863927,University of Sydney
Ficus rubiginosa,151.162404,-33.863862,University of Sydney
Ficus rubiginosa,151.162351,-33.86395,University of Sydney
Ficus rubiginosa,151.161562,-33.866927,University of Sydney
Ficus rubiginosa,151.161558,-33.866955,University of Sydney
Ficus rubiginosa,151.191268,-33.885192,University of Sydney
Ficus coronata,151.188707,-33.884932,University of Sydney
Ficus coronata,151.18237,-33.8863,University of Sydney
Lagerstroemia indica,151.188312,-33.886138,University of Sydney
Lagerstroemia indica,151.189101,-33.886582,University of Sydney
Lagerstroemia indica,151.186234,-33.885698,University of Sydney
Lagerstroemia indica,151.188261,-33.886142,University of Sydney
Lagerstroemia indica,151.188213,-33.886144,University of Sydney
Lagerstroemia indica,151.188164,-33.886148,University of Sydney
Lagerstroemia indica,151.188096,-33.88616,University of Sydney
Lagerstroemia indica,151.189014,-33.886596,University of Sydney
Lagerstroemia indica,151.188983,-33.886609,University of Sydney
Lagerstroemia indica,151.188953,-33.886592,University of Sydney
Lagerstroemia indica,151.188764,-33.886709,University of Sydney
Lagerstroemia indica,151.187046,-33.885212,University of Sydney
Lagerstroemia indica,151.185932,-33.88581,University of Sydney
Lagerstroemia indica,151.187936,-33.888201,University of Sydney
Lagerstroemia indica,151.187408,-33.888254,University of Sydney
Lagerstroemia indica,151.187029,-33.888303,University of Sydney
Lagerstroemia indica,151.182307,-33.886101,University of Sydney
Lagerstroemia indica,151.184145,-33.886284,University of Sydney
Lagerstroemia indica,151.190955,-33.89095,University of Sydney
Lagerstroemia indica,151.192777,-33.890154,University of Sydney
Lagerstroemia indica,151.188519,-33.891444,University of Sydney
Lagerstroemia indica,151.188483,-33.891483,University of Sydney
Lagerstroemia indica,151.191357,-33.890839,University of Sydney
Lagerstroemia indica,147.592591,-33.939071,University of Sydney
Lagerstroemia indica,147.592589,-33.939107,University of Sydney
Lagerstroemia indica,147.592584,-33.93918,University of Sydney
Lagerstroemia indica,147.592574,-33.939341,University of Sydney
Lagerstroemia indica,147.592572,-33.939363,University of Sydney
Lagerstroemia indica,147.592549,-33.939723,University of Sydney
Lagerstroemia indica,147.592561,-33.939537,University of Sydney
Lagerstroemia indica,147.592552,-33.939678,University of Sydney
Lagerstroemia indica,147.592549,-33.939723,University of Sydney
Lagerstroemia indica,147.592547,-33.939759,University of Sydney
Lagerstroemia indica,147.592547,-33.939761,University of Sydney
Lagerstroemia indica,147.592544,-33.939805,University of Sydney
Lagerstroemia indica,147.592544,-33.939806,University of Sydney
Lagerstroemia indica,147.59257,-33.939407,University of Sydney
Lagerstroemia indica,150.656277,-34.035759,University of Sydney
Lagerstroemia indica,151.185932,-33.885857,University of Sydney
Asplenium australasicum,151.189,-33.884972,University of Sydney
Melaleuca linariifolia,151.188783,-33.888121,University of Sydney
Melaleuca linariifolia,150.656361,-34.034597,University of Sydney
Melaleuca linariifolia,151.048045,-33.882383,University of Sydney
Melaleuca linariifolia,151.048565,-33.880335,University of Sydney
Melaleuca linariifolia,151.047765,-33.881865,University of Sydney
Eucalyptus grandis,151.182859,-33.886452,University of Sydney
Eucalyptus grandis,151.194457,-33.890022,University of Sydney
Eucalyptus grandis,151.050618,-33.882486,University of Sydney
Eucalyptus grandis,151.050634,-33.882516,University of Sydney
Eucalyptus grandis,151.050646,-33.882571,University of Sydney
Eucalyptus grandis,151.050734,-33.882851,University of Sydney
Eucalyptus grandis,151.050767,-33.882833,University of Sydney
Eucalyptus grandis,151.050782,-33.882791,University of Sydney
Syncarpia glomulifera,151.184448,-33.887341,University of Sydney
Syncarpia glomulifera,151.184681,-33.887255,University of Sydney
Syncarpia glomulifera,151.184835,-33.887221,University of Sydney
Syncarpia glomulifera,151.1849,-33.887244,University of Sydney
Syncarpia glomulifera,151.185873,-33.887655,University of Sydney
Syncarpia glomulifera,151.185913,-33.887796,University of Sydney
Syncarpia glomulifera,151.29903,-33.549217,University of Sydney
Syncarpia glomulifera,151.299023,-33.549209,University of Sydney
Syncarpia glomulifera,151.298487,-33.548957,University of Sydney
Syzygium smithii,151.188644,-33.887459,University of Sydney
Syzygium smithii,151.194577,-33.888333,University of Sydney
Syzygium smithii,151.194551,-33.888373,University of Sydney
Syzygium smithii,151.19452,-33.888403,University of Sydney
Syzygium smithii,151.194452,-33.888476,University of Sydney
Syzygium smithii,151.194414,-33.888466,University of Sydney
Syzygium smithii,151.194375,-33.888469,University of Sydney
Syzygium smithii,151.191096,-33.891817,University of Sydney
Syzygium smithii,151.191047,-33.891833,University of Sydney
Syzygium smithii,151.190996,-33.891852,University of Sydney
Syzygium smithii,151.190949,-33.891862,University of Sydney
Syzygium smithii,151.19095,-33.891785,University of Sydney
Syzygium smithii,151.190785,-33.891814,University of Sydney
Syzygium smithii,151.190749,-33.891823,University of Sydney
Syzygium smithii,151.19071,-33.891837,University of Sydney
Syzygium smithii,151.190583,-33.891998,University of Sydney
Syzygium smithii,151.190524,-33.892013,University of Sydney
Syzygium smithii,151.048901,-33.880739,University of Sydney
Angophora floribunda,151.185889,-33.887469,University of Sydney
Angophora floribunda,151.184821,-33.885927,University of Sydney
Angophora floribunda,151.184927,-33.885915,University of Sydney
Angophora floribunda,151.185055,-33.885917,University of Sydney
Angophora floribunda,151.16319,-33.864162,University of Sydney
Angophora floribunda,151.162079,-33.8641,University of Sydney
Angophora floribunda,151.050974,-33.883204,University of Sydney
Angophora floribunda,151.051004,-33.883251,University of Sydney
Angophora floribunda,151.050964,-33.883272,University of Sydney
Angophora floribunda,151.051037,-33.883273,University of Sydney
Angophora floribunda,151.048292,-33.881113,University of Sydney
Angophora floribunda,151.048083,-33.881181,University of Sydney
Angophora floribunda,151.04817,-33.883188,University of Sydney
Angophora floribunda,150.653148,-34.036228,University of Sydney
Angophora floribunda,150.653638,-34.036121,University of Sydney
Angophora floribunda,150.653606,-34.036227,University of Sydney
Angophora floribunda,150.653594,-34.036335,University of Sydney
Angophora floribunda,150.655075,-34.031633,University of Sydney
Angophora floribunda,150.655091,-34.031506,University of Sydney
Angophora floribunda,150.655365,-34.031754,University of Sydney
Angophora floribunda,150.668337,-34.017899,University of Sydney
Corymbia eximia,147.592758,-33.936428,University of Sydney
Eucalyptus paniculata,151.050686,-33.882633,University of Sydney
Eucalyptus paniculata,151.049408,-33.882282,University of Sydney
Eucalyptus paniculata,151.049105,-33.882288,University of Sydney
Eucalyptus paniculata,151.048106,-33.881826,University of Sydney
Eucalyptus paniculata,151.048127,-33.881806,University of Sydney
Eucalyptus paniculata,151.048161,-33.881742,University of Sydney
Eucalyptus paniculata,151.048218,-33.881784,University of Sydney
Eucalyptus paniculata,151.048213,-33.881756,University of Sydney
Eucalyptus paniculata,151.048188,-33.881728,University of Sydney
Eucalyptus paniculata,151.048225,-33.881732,University of Sydney
Eucalyptus paniculata,151.048225,-33.881686,University of Sydney
Eucalyptus paniculata,147.60253,-33.781706,University of Sydney
Eucalyptus paniculata,147.602533,-33.781667,University of Sydney
Eucalyptus paniculata,147.602535,-33.781626,University of Sydney
Eucalyptus paniculata,147.602537,-33.781594,University of Sydney
Eucalyptus paniculata,147.602559,-33.781256,University of Sydney
Eucalyptus paniculata,147.602564,-33.781179,University of Sydney
Eucalyptus paniculata,147.602568,-33.781113,University of Sydney
Lophostemon confertus,151.190139,-33.884988,University of Sydney
Lophostemon confertus,151.190201,-33.884952,University of Sydney
Lophostemon confertus,151.190243,-33.884961,University of Sydney
Lophostemon confertus,151.19035,-33.884952,University of Sydney
Lophostemon confertus,151.1906,-33.884974,University of Sydney
Lophostemon confertus,151.19073,-33.884968,University of Sydney
Lophostemon confertus,151.190789,-33.885003,University of Sydney
Lophostemon confertus,151.190868,-33.884954,University of Sydney
Lophostemon confertus,151.190963,-33.884962,University of Sydney
Lophostemon confertus,151.191,-33.88492,University of Sydney
Lophostemon confertus,151.191259,-33.884927,University of Sydney
Lophostemon confertus,151.190952,-33.885029,University of Sydney
Lophostemon confertus,151.189864,-33.884992,University of Sydney
Lophostemon confertus,151.189905,-33.884901,University of Sydney
Lophostemon confertus,151.189679,-33.884963,University of Sydney
Lophostemon confertus,151.189592,-33.884941,University of Sydney
Lophostemon confertus,151.18798,-33.885533,University of Sydney
Lophostemon confertus,151.187898,-33.884891,University of Sydney
Lophostemon confertus,151.187506,-33.886118,University of Sydney
Lophostemon confertus,151.187429,-33.886121,University of Sydney
Lophostemon confertus,151.187541,-33.884916,University of Sydney
Lophostemon confertus,151.187717,-33.886643,University of Sydney
Lophostemon confertus,151.188182,-33.886939,University of Sydney
Lophostemon confertus,151.188912,-33.886838,University of Sydney
Lophostemon confertus,151.189663,-33.886732,University of Sydney
Lophostemon confertus,151.18743,-33.885511,University of Sydney
Lophostemon confertus,151.186521,-33.885507,University of Sydney
Lophostemon confertus,151.186153,-33.885557,University of Sydney
Lophostemon confertus,151.18606,-33.885565,University of Sydney
Lophostemon confertus,151.185818,-33.885587,University of Sydney
Lophostemon confertus,151.185694,-33.885604,University of Sydney
Lophostemon confertus,151.186148,-33.885025,University of Sydney
Lophostemon confertus,151.186185,-33.88502,University of Sydney
Lophostemon confertus,151.186228,-33.885013,University of Sydney
Lophostemon confertus,151.185427,-33.885626,University of Sydney
Lophostemon confertus,151.185334,-33.885639,University of Sydney
Lophostemon confertus,151.185555,-33.885741,University of Sydney
Lophostemon confertus,151.185791,-33.885711,University of Sydney
Lophostemon confertus,151.18591,-33.885688,University of Sydney
Lophostemon confertus,151.186019,-33.88568,University of Sydney
Lophostemon confertus,151.186113,-33.885663,University of Sydney
Lophostemon confertus,151.186228,-33.885667,University of Sydney
Lophostemon confertus,151.186368,-33.885649,University of Sydney
Lophostemon confertus,151.186829,-33.886358,University of Sydney
Lophostemon confertus,151.185676,-33.88614,University of Sydney
Lophostemon confertus,151.185686,-33.886184,University of Sydney
Lophostemon confertus,151.185696,-33.886217,University of Sydney
Lophostemon confertus,151.186688,-33.88637,University of Sydney
Lophostemon confertus,151.187219,-33.886441,University of Sydney
Lophostemon confertus,151.187312,-33.886448,University of Sydney
Lophostemon confertus,151.18654,-33.88649,University of Sydney
Lophostemon confertus,151.186317,-33.886502,University of Sydney
Lophostemon confertus,151.186241,-33.886505,University of Sydney
Lophostemon confertus,151.186782,-33.886709,University of Sydney
Lophostemon confertus,151.186794,-33.886836,University of Sydney
Lophostemon confertus,151.18683,-33.886962,University of Sydney
Lophostemon confertus,151.185994,-33.88824,University of Sydney
Lophostemon confertus,151.18593,-33.888313,University of Sydney
Lophostemon confertus,151.185878,-33.88838,University of Sydney
Lophostemon confertus,151.185811,-33.888437,University of Sydney
Lophostemon confertus,151.183747,-33.885394,University of Sydney
Lophostemon confertus,151.185653,-33.888463,University of Sydney
Lophostemon confertus,151.185515,-33.888532,University of Sydney
Lophostemon confertus,151.183666,-33.885398,University of Sydney
Lophostemon confertus,151.185391,-33.888579,University of Sydney
Lophostemon confertus,151.185186,-33.888618,University of Sydney
Lophostemon confertus,151.185095,-33.888619,University of Sydney
Lophostemon confertus,151.18496,-33.888599,University of Sydney
Lophostemon confertus,151.184273,-33.887687,University of Sydney
Lophostemon confertus,151.184283,-33.887658,University of Sydney
Lophostemon confertus,151.184277,-33.887619,University of Sydney
Lophostemon confertus,151.184273,-33.887572,University of Sydney
Lophostemon confertus,151.184273,-33.887545,University of Sydney
Lophostemon confertus,151.184269,-33.887506,University of Sydney
Lophostemon confertus,151.184276,-33.887458,University of Sydney
Lophostemon confertus,151.184272,-33.887427,University of Sydney
Lophostemon confertus,151.183491,-33.885453,University of Sydney
Lophostemon confertus,151.184381,-33.887403,University of Sydney
Lophostemon confertus,151.184353,-33.887319,University of Sydney
Lophostemon confertus,151.184476,-33.887225,University of Sydney
Lophostemon confertus,151.184743,-33.887152,University of Sydney
Lophostemon confertus,151.18328,-33.885488,University of Sydney
Lophostemon confertus,151.185255,-33.887148,University of Sydney
Lophostemon confertus,151.183091,-33.88553,University of Sydney
Lophostemon confertus,151.185306,-33.887234,University of Sydney
Lophostemon confertus,151.185442,-33.887291,University of Sydney
Lophostemon confertus,151.185491,-33.887323,University of Sydney
Lophostemon confertus,151.185593,-33.887374,University of Sydney
Lophostemon confertus,151.185696,-33.887434,University of Sydney
Lophostemon confertus,151.182738,-33.885585,University of Sydney
Lophostemon confertus,151.182543,-33.885641,University of Sydney
Lophostemon confertus,151.185964,-33.88763,University of Sydney
Lophostemon confertus,151.185859,-33.888182,University of Sydney
Lophostemon confertus,151.18455,-33.88716,University of Sydney
Lophostemon confertus,151.184377,-33.887143,University of Sydney
Lophostemon confertus,151.184293,-33.887107,University of Sydney
Lophostemon confertus,151.1857,-33.887196,University of Sydney
Lophostemon confertus,151.18576,-33.887187,University of Sydney
Lophostemon confertus,151.185355,-33.885845,University of Sydney
Lophostemon confertus,151.185305,-33.885819,University of Sydney
Lophostemon confertus,151.185255,-33.885817,University of Sydney
Lophostemon confertus,151.185313,-33.885737,University of Sydney
Lophostemon confertus,151.185196,-33.885754,University of Sydney
Lophostemon confertus,151.18499,-33.885798,University of Sydney
Lophostemon confertus,151.18489,-33.885802,University of Sydney
Lophostemon confertus,151.184462,-33.885274,University of Sydney
Lophostemon confertus,151.184257,-33.885318,University of Sydney
Lophostemon confertus,151.184167,-33.885334,University of Sydney
Lophostemon confertus,151.184075,-33.885344,University of Sydney
Lophostemon confertus,151.183977,-33.885365,University of Sydney
Lophostemon confertus,151.183877,-33.885372,University of Sydney
Lophostemon confertus,151.184394,-33.885805,University of Sydney
Lophostemon confertus,151.184329,-33.885974,University of Sydney
Lophostemon confertus,151.184284,-33.886015,University of Sydney
Lophostemon confertus,151.18283,-33.885663,University of Sydney
Lophostemon confertus,151.182863,-33.885772,University of Sydney
Lophostemon confertus,151.183363,-33.886002,University of Sydney
Lophostemon confertus,151.183599,-33.885989,University of Sydney
Lophostemon confertus,151.186461,-33.883978,University of Sydney
Lophostemon confertus,151.186295,-33.884082,University of Sydney
Lophostemon confertus,151.186283,-33.885006,University of Sydney
Lophostemon confertus,151.186304,-33.884998,University of Sydney
Lophostemon confertus,151.186327,-33.884993,University of Sydney
Lophostemon confertus,151.18635,-33.884989,University of Sydney
Lophostemon confertus,151.186387,-33.884978,University of Sydney
Lophostemon confertus,151.183799,-33.885401,University of Sydney
Lophostemon confertus,151.184177,-33.885417,University of Sydney
Lophostemon confertus,151.182436,-33.886289,University of Sydney
Lophostemon confertus,151.184246,-33.887051,University of Sydney
Lophostemon confertus,151.190346,-33.891147,University of Sydney
Lophostemon confertus,151.19257,-33.890077,University of Sydney
Lophostemon confertus,151.192604,-33.889926,University of Sydney
Lophostemon confertus,151.192634,-33.889876,University of Sydney
Lophostemon confertus,151.192663,-33.889815,University of Sydney
Lophostemon confertus,151.192693,-33.889737,University of Sydney
Lophostemon confertus,151.192711,-33.88968,University of Sydney
Lophostemon confertus,151.192722,-33.889612,University of Sydney
Lophostemon confertus,151.192733,-33.889549,University of Sydney
Lophostemon confertus,151.19276,-33.889472,University of Sydney
Lophostemon confertus,151.192786,-33.889423,University of Sydney
Lophostemon confertus,151.193431,-33.888898,University of Sydney
Lophostemon confertus,151.193488,-33.888896,University of Sydney
Lophostemon confertus,151.193553,-33.88889,University of Sydney
Lophostemon confertus,151.193622,-33.888882,University of Sydney
Lophostemon confertus,151.193581,-33.889018,University of Sydney
Lophostemon confertus,151.193268,-33.891405,University of Sydney
Lophostemon confertus,151.193336,-33.891355,University of Sydney
Lophostemon confertus,151.192156,-33.892024,University of Sydney
Lophostemon confertus,151.192227,-33.892011,University of Sydney
Lophostemon confertus,151.192315,-33.891977,University of Sydney
Lophostemon confertus,151.192481,-33.892105,University of Sydney
Lophostemon confertus,151.192387,-33.892136,University of Sydney
Lophostemon confertus,151.192314,-33.892157,University of Sydney
Lophostemon confertus,151.192231,-33.892185,University of Sydney
Lophostemon confertus,151.192395,-33.891965,University of Sydney
Lophostemon confertus,151.162451,-33.864367,University of Sydney
Lophostemon confertus,151.163132,-33.86423,University of Sydney
Lophostemon confertus,151.163027,-33.864232,University of Sydney
Lophostemon confertus,151.162944,-33.86423,University of Sydney
Lophostemon confertus,151.162844,-33.864229,University of Sydney
Lophostemon confertus,151.162831,-33.864103,University of Sydney
Lophostemon confertus,151.163108,-33.864045,University of Sydney
Lophostemon confertus,151.16307,-33.864031,University of Sydney
Lophostemon confertus,151.162936,-33.863974,University of Sydney
Lophostemon confertus,151.162791,-33.863972,University of Sydney
Lophostemon confertus,151.16189,-33.864137,University of Sydney
Lophostemon confertus,151.161796,-33.864199,University of Sydney
Lophostemon confertus,151.161876,-33.864221,University of Sydney
Lophostemon confertus,151.161795,-33.864296,University of Sydney
Lophostemon confertus,151.161994,-33.864396,University of Sydney
Lophostemon confertus,151.161893,-33.864467,University of Sydney
Lophostemon confertus,151.16178,-33.864532,University of Sydney
Lophostemon confertus,151.1618,-33.864417,University of Sydney
Lophostemon confertus,151.161719,-33.864383,University of Sydney
Lophostemon confertus,151.1617,-33.864441,University of Sydney
Lophostemon confertus,151.161932,-33.864747,University of Sydney
Lophostemon confertus,151.161806,-33.864848,University of Sydney
Lophostemon confertus,151.16188,-33.864887,University of Sydney
Lophostemon confertus,151.161926,-33.864997,University of Sydney
Lophostemon confertus,151.161944,-33.865078,University of Sydney
Lophostemon confertus,151.161946,-33.865111,University of Sydney
Lophostemon confertus,151.161688,-33.86611,University of Sydney
Lophostemon confertus,151.16164,-33.866295,University of Sydney
Lophostemon confertus,151.16164,-33.866349,University of Sydney
Lophostemon confertus,151.161634,-33.866419,University of Sydney
Lophostemon confertus,151.161611,-33.866503,University of Sydney
Lophostemon confertus,151.16159,-33.866588,University of Sydney
Lophostemon confertus,151.161559,-33.866717,University of Sydney
Lophostemon confertus,151.161508,-33.866898,University of Sydney
Lophostemon confertus,151.163484,-33.867067,University of Sydney
Lophostemon confertus,151.162096,-33.867221,University of Sydney
Lophostemon confertus,150.655942,-34.034426,University of Sydney
Lophostemon confertus,150.655389,-34.034864,University of Sydney
Lophostemon confertus,150.65538,-34.034926,University of Sydney
Lophostemon confertus,150.655366,-34.035,University of Sydney
Lophostemon confertus,150.65535,-34.035063,University of Sydney
Lophostemon confertus,150.655207,-34.035053,University of Sydney
Lophostemon confertus,150.655226,-34.03499,University of Sydney
Lophostemon confertus,150.655239,-34.034927,University of Sydney
Lophostemon confertus,150.655253,-34.03486,University of Sydney
Lophostemon confertus,150.665828,-34.018144,University of Sydney
Lophostemon confertus,150.652758,-34.032401,University of Sydney
Lophostemon confertus,150.652835,-34.032391,University of Sydney
Lophostemon confertus,150.652895,-34.032379,University of Sydney
Lophostemon confertus,150.656314,-34.036528,University of Sydney
Lophostemon confertus,150.655148,-34.034324,University of Sydney
Lophostemon confertus,150.655262,-34.034332,University of Sydney
Lophostemon confertus,150.655623,-34.034398,University of Sydney
Lophostemon confertus,150.655732,-34.034406,University of Sydney
Lophostemon confertus,150.655831,-34.03442,University of Sydney
Lophostemon confertus,150.667323,-34.017691,University of Sydney
Lophostemon confertus,151.185977,-33.885563,University of Sydney
Lophostemon confertus,151.190913,-33.886059,University of Sydney
Lophostemon confertus,151.193644,-33.889232,University of Sydney
Lophostemon confertus,151.193651,-33.888977,University of Sydney
Lophostemon confertus,151.193152,-33.888983,University of Sydney
Eucalyptus sideroxylon,151.186035,-33.887966,University of Sydney
Eucalyptus sideroxylon,151.186005,-33.888007,University of Sydney
Eucalyptus sideroxylon,151.050262,-33.881973,University of Sydney
Eucalyptus sideroxylon,151.050291,-33.881957,University of Sydney
Eucalyptus sideroxylon,151.050307,-33.881981,University of Sydney
Eucalyptus sideroxylon,151.05031,-33.882032,University of Sydney
Eucalyptus sideroxylon,151.050386,-33.881991,University of Sydney
Eucalyptus sideroxylon,151.050406,-33.882036,University of Sydney
Eucalyptus sideroxylon,151.050347,-33.882042,University of Sydney
Eucalyptus sideroxylon,151.050332,-33.882067,University of Sydney
Eucalyptus sideroxylon,150.656107,-34.035927,University of Sydney
Eucalyptus sideroxylon,150.656107,-34.035927,University of Sydney
Eucalyptus sideroxylon,150.654951,-34.034576,University of Sydney
Eucalyptus sideroxylon,150.6558,-34.03493,University of Sydney
Eucalyptus sideroxylon,150.655822,-34.034869,University of Sydney
Eucalyptus sideroxylon,150.655899,-34.034878,University of Sydney
Eucalyptus sideroxylon,150.655888,-34.034932,University of Sydney
Eucalyptus sideroxylon,150.656008,-34.034805,University of Sydney
Eucalyptus sideroxylon,150.657594,-34.029014,University of Sydney
Eucalyptus sideroxylon,150.655878,-34.034976,University of Sydney
Eucalyptus sideroxylon,151.04896,-33.882513,University of Sydney
Eucalyptus sideroxylon,151.048983,-33.882554,University of Sydney
Eucalyptus sideroxylon,151.049021,-33.882592,University of Sydney
Eucalyptus sideroxylon,151.049108,-33.882579,University of Sydney
Eucalyptus sideroxylon,151.049217,-33.882514,University of Sydney
Eucalyptus sideroxylon,151.049311,-33.881576,University of Sydney
Eucalyptus microcorys,151.19013,-33.88495,University of Sydney
Eucalyptus microcorys,151.189961,-33.8849,University of Sydney
Eucalyptus microcorys,151.189773,-33.884947,University of Sydney
Eucalyptus microcorys,151.185248,-33.888588,University of Sydney
Eucalyptus microcorys,151.186001,-33.887532,University of Sydney
Eucalyptus microcorys,151.186007,-33.887578,University of Sydney
Eucalyptus microcorys,151.186015,-33.887676,University of Sydney
Eucalyptus microcorys,151.185964,-33.887358,University of Sydney
Eucalyptus microcorys,151.182764,-33.886389,University of Sydney
Eucalyptus microcorys,151.182079,-33.886075,University of Sydney
Eucalyptus microcorys,151.19407,-33.890354,University of Sydney
Eucalyptus microcorys,151.194125,-33.890369,University of Sydney
Eucalyptus microcorys,151.1941,-33.890292,University of Sydney
Eucalyptus microcorys,151.194136,-33.89021,University of Sydney
Eucalyptus microcorys,151.194142,-33.89015,University of Sydney
Eucalyptus microcorys,151.194232,-33.890082,University of Sydney
Eucalyptus microcorys,151.194217,-33.889997,University of Sydney
Eucalyptus microcorys,151.194285,-33.889927,University of Sydney
Eucalyptus microcorys,151.161963,-33.865027,University of Sydney
Eucalyptus microcorys,150.666068,-34.017717,University of Sydney
Eucalyptus microcorys,150.666058,-34.017821,University of Sydney
Eucalyptus microcorys,150.666009,-34.017879,University of Sydney
Eucalyptus microcorys,150.665869,-34.01802,University of Sydney
Eucalyptus microcorys,150.656631,-34.033538,University of Sydney
Eucalyptus microcorys,150.656718,-34.033545,University of Sydney
Eucalyptus microcorys,150.656856,-34.033471,University of Sydney
Eucalyptus microcorys,150.656889,-34.033377,University of Sydney
Eucalyptus microcorys,150.658965,-34.030421,University of Sydney
Eucalyptus microcorys,150.657218,-34.026481,University of Sydney
Eucalyptus microcorys,150.657022,-34.032944,University of Sydney
Eucalyptus microcorys,150.657158,-34.032967,University of Sydney
Eucalyptus microcorys,150.657074,-34.033338,University of Sydney
Eucalyptus microcorys,150.657967,-34.033116,University of Sydney
Eucalyptus microcorys,151.051184,-33.883571,University of Sydney
Eucalyptus microcorys,151.050017,-33.883651,University of Sydney
Eucalyptus microcorys,151.051236,-33.883662,University of Sydney
Eucalyptus microcorys,151.051212,-33.883621,University of Sydney
Eucalyptus microcorys,151.049333,-33.882226,University of Sydney
Eucalyptus microcorys,151.049244,-33.882276,University of Sydney
Eucalyptus microcorys,151.049217,-33.882283,University of Sydney
Eucalyptus microcorys,151.04917,-33.882268,University of Sydney
Eucalyptus microcorys,151.049014,-33.882299,University of Sydney
Eucalyptus microcorys,151.049049,-33.882295,University of Sydney
Eucalyptus microcorys,151.049146,-33.882297,University of Sydney
Eucalyptus microcorys,151.048981,-33.882312,University of Sydney
Eucalyptus microcorys,151.048969,-33.882418,University of Sydney
Eucalyptus microcorys,151.048579,-33.880585,University of Sydney
Eucalyptus microcorys,151.048969,-33.882418,University of Sydney
Eucalyptus microcorys,151.048579,-33.880585,University of Sydney
Eucalyptus microcorys,147.602571,-33.78106,University of Sydney
Eucalyptus microcorys,147.602574,-33.78102,University of Sydney
Eucalyptus microcorys,147.602576,-33.780985,University of Sydney
Eucalyptus microcorys,147.602578,-33.780948,University of Sydney
Eucalyptus microcorys,147.60258,-33.78091,University of Sydney
Eucalyptus microcorys,147.602582,-33.780883,University of Sydney
Eucalyptus microcorys,147.602585,-33.780836,University of Sydney
Eucalyptus microcorys,147.602587,-33.780805,University of Sydney
Eucalyptus microcorys,151.182702,-33.886353,University of Sydney
Eucalyptus microcorys,151.182625,-33.886314,University of Sydney
Eucalyptus microcorys,151.048776,-33.881113,University of Sydney
Eucalyptus microcorys,151.048758,-33.881162,University of Sydney
Eucalyptus microcorys,151.048747,-33.881205,University of Sydney
Eucalyptus saligna,151.192348,-33.889862,University of Sydney
Eucalyptus saligna,151.19241,-33.889878,University of Sydney
Eucalyptus saligna,151.191349,-33.892044,University of Sydney
Eucalyptus saligna,151.192283,-33.889851,University of Sydney
Eucalyptus saligna,150.654114,-34.035731,University of Sydney
Eucalyptus saligna,150.655366,-34.035434,University of Sydney
Eucalyptus saligna,150.655239,-34.03541,University of Sydney
Eucalyptus saligna,151.04845,-33.882806,University of Sydney
Eucalyptus saligna,147.592573,-33.939349,University of Sydney
Eucalyptus saligna,147.592773,-33.936201,University of Sydney
Eucalyptus saligna,147.592767,-33.936299,University of Sydney
Eucalyptus saligna,147.592751,-33.936551,University of Sydney
Eucalyptus saligna,151.182938,-33.886441,University of Sydney
Agonis flexuosa,151.18368,-33.886489,University of Sydney
Agonis flexuosa,151.192719,-33.890369,University of Sydney
Agonis flexuosa,151.048471,-33.883239,University of Sydney
Agonis flexuosa,151.048308,-33.883334,University of Sydney
Agonis flexuosa,151.048558,-33.880769,University of Sydney
Leptospermum petersonii,151.190924,-33.886081,University of Sydney
Leptospermum petersonii,151.192932,-33.888713,University of Sydney
Leptospermum petersonii,151.192773,-33.891253,University of Sydney
Melaleuca styphelioides,151.185639,-33.886635,University of Sydney
Melaleuca styphelioides,151.190147,-33.890499,University of Sydney
Melaleuca styphelioides,151.19153,-33.890278,University of Sydney
Melaleuca styphelioides,151.161884,-33.865404,University of Sydney
Melaleuca styphelioides,151.161857,-33.86592,University of Sydney
Melaleuca styphelioides,151.16186,-33.865862,University of Sydney
Melaleuca styphelioides,151.161865,-33.865772,University of Sydney
Melaleuca styphelioides,150.668105,-34.017476,University of Sydney
Melaleuca styphelioides,150.652978,-34.036286,University of Sydney
Melaleuca styphelioides,150.656171,-34.034877,University of Sydney
Melaleuca styphelioides,150.656411,-34.034569,University of Sydney
Melaleuca styphelioides,150.656415,-34.0345,University of Sydney
Melaleuca styphelioides,150.656596,-34.034348,University of Sydney
Melaleuca styphelioides,150.656557,-34.034227,University of Sydney
Melaleuca styphelioides,151.04875,-33.883482,University of Sydney
Melaleuca styphelioides,151.048773,-33.883465,University of Sydney
Melaleuca styphelioides,151.048753,-33.88335,University of Sydney
Melaleuca styphelioides,150.712575,-33.761692,University of Sydney
Melaleuca styphelioides,150.712342,-33.761338,University of Sydney
Syzygium australe,151.188515,-33.88718,University of Sydney
Syzygium australe,151.188564,-33.887145,University of Sydney
Syzygium australe,151.188612,-33.887147,University of Sydney
Syzygium australe,151.187782,-33.886769,University of Sydney
Syzygium australe,151.187773,-33.886778,University of Sydney
Syzygium australe,151.187768,-33.886789,University of Sydney
Syzygium australe,151.187766,-33.8868,University of Sydney
Syzygium australe,151.187781,-33.886814,University of Sydney
Syzygium australe,151.187787,-33.886823,University of Sydney
Syzygium australe,151.187795,-33.886816,University of Sydney
Syzygium australe,151.187846,-33.886805,University of Sydney
Syzygium australe,151.186443,-33.884962,University of Sydney
Syzygium australe,151.186595,-33.886356,University of Sydney
Syzygium australe,151.1923,-33.890523,University of Sydney
Syzygium australe,151.192302,-33.89054,University of Sydney
Syzygium australe,151.192307,-33.890547,University of Sydney
Syzygium australe,151.19231,-33.89056,University of Sydney
Syzygium australe,151.192316,-33.890571,University of Sydney
Syzygium australe,151.192321,-33.890584,University of Sydney
Syzygium australe,151.192326,-33.890591,University of Sydney
Syzygium australe,151.192329,-33.890604,University of Sydney
Syzygium australe,151.192342,-33.890626,University of Sydney
Syzygium australe,151.192337,-33.890618,University of Sydney
Syzygium australe,151.192346,-33.890635,University of Sydney
Syzygium australe,151.192355,-33.890645,University of Sydney
Syzygium australe,151.192359,-33.890659,University of Sydney
Syzygium australe,151.192366,-33.890667,University of Sydney
Syzygium australe,151.192368,-33.890674,University of Sydney
Syzygium australe,151.192374,-33.890684,University of Sydney
Syzygium australe,151.192383,-33.890704,University of Sydney
Syzygium australe,151.192378,-33.890693,University of Sydney
Syzygium australe,151.192393,-33.890732,University of Sydney
Syzygium australe,151.192403,-33.890745,University of Sydney
Syzygium australe,151.192405,-33.890755,University of Sydney
Syzygium australe,151.192408,-33.890761,University of Sydney
Syzygium australe,151.192413,-33.890772,University of Sydney
Syzygium australe,151.192417,-33.89078,University of Sydney
Syzygium australe,151.192419,-33.890789,University of Sydney
Syzygium australe,151.192424,-33.890802,University of Sydney
Syzygium australe,151.192428,-33.890814,University of Sydney
Syzygium australe,151.192437,-33.890828,University of Sydney
Syzygium australe,151.192443,-33.890838,University of Sydney
Syzygium australe,151.193416,-33.891128,University of Sydney
Syzygium australe,151.193433,-33.891138,University of Sydney
Syzygium australe,151.193448,-33.891143,University of Sydney
Syzygium australe,151.193462,-33.891149,University of Sydney
Syzygium australe,151.193479,-33.891156,University of Sydney
Syzygium australe,151.193501,-33.891165,University of Sydney
Syzygium australe,151.193518,-33.891174,University of Sydney
Syzygium australe,151.193536,-33.89118,University of Sydney
Syzygium australe,151.193553,-33.891191,University of Sydney
Syzygium australe,151.193567,-33.8912,University of Sydney
Syzygium australe,151.193586,-33.891205,University of Sydney
Syzygium australe,151.193601,-33.891214,University of Sydney
Syzygium australe,151.193615,-33.891219,University of Sydney
Syzygium australe,151.193631,-33.891227,University of Sydney
Syzygium australe,151.193643,-33.891235,University of Sydney
Syzygium australe,151.193657,-33.891239,University of Sydney
Syzygium australe,151.193673,-33.891245,University of Sydney
Syzygium australe,151.193688,-33.891253,University of Sydney
Syzygium australe,151.193703,-33.89126,University of Sydney
Syzygium australe,151.193713,-33.891263,University of Sydney
Syzygium australe,151.193728,-33.891269,University of Sydney
Syzygium australe,151.193738,-33.891275,University of Sydney
Syzygium australe,150.655269,-34.034578,University of Sydney
Syzygium australe,150.654819,-34.035146,University of Sydney
Syzygium australe,150.654841,-34.035223,University of Sydney
Syzygium australe,150.654917,-34.035268,University of Sydney
Callistemon viminalis,151.18586,-33.886227,University of Sydney
Callistemon viminalis,151.188644,-33.8875,University of Sydney
Callistemon viminalis,151.188689,-33.887618,University of Sydney
Callistemon viminalis,151.189679,-33.889811,University of Sydney
Callistemon viminalis,151.188753,-33.887986,University of Sydney
Callistemon viminalis,151.183508,-33.886516,University of Sydney
Callistemon viminalis,151.183288,-33.886529,University of Sydney
Callistemon viminalis,151.18363,-33.886689,University of Sydney
Callistemon viminalis,151.18584,-33.886231,University of Sydney
Callistemon viminalis,151.185821,-33.886229,University of Sydney
Callistemon viminalis,151.185805,-33.886229,University of Sydney
Callistemon viminalis,151.190908,-33.890765,University of Sydney
Callistemon viminalis,151.190893,-33.89075,University of Sydney
Callistemon viminalis,151.190868,-33.890757,University of Sydney
Callistemon viminalis,151.190825,-33.890843,University of Sydney
Callistemon viminalis,151.190548,-33.891058,University of Sydney
Callistemon viminalis,151.190559,-33.891067,University of Sydney
Callistemon viminalis,151.189567,-33.891083,University of Sydney
Callistemon viminalis,151.191122,-33.890705,University of Sydney
Callistemon viminalis,151.191138,-33.890719,University of Sydney
Callistemon viminalis,151.19115,-33.890733,University of Sydney
Callistemon viminalis,151.191166,-33.890752,University of Sydney
Callistemon viminalis,151.191178,-33.890767,University of Sydney
Callistemon viminalis,151.191192,-33.890779,University of Sydney
Callistemon viminalis,151.191204,-33.890792,University of Sydney
Callistemon viminalis,151.191216,-33.890814,University of Sydney
Callistemon viminalis,151.191548,-33.890722,University of Sydney
Callistemon viminalis,151.193008,-33.888691,University of Sydney
Callistemon viminalis,151.191771,-33.890588,University of Sydney
Callistemon viminalis,151.191633,-33.890407,University of Sydney
Callistemon viminalis,151.191593,-33.890367,University of Sydney
Callistemon viminalis,151.191584,-33.890353,University of Sydney
Callistemon viminalis,151.19157,-33.89034,University of Sydney
Callistemon viminalis,151.191551,-33.890311,University of Sydney
Callistemon viminalis,151.192878,-33.889114,University of Sydney
Callistemon viminalis,151.194532,-33.889924,University of Sydney
Callistemon viminalis,151.194556,-33.889929,University of Sydney
Callistemon viminalis,151.194581,-33.889936,University of Sydney
Callistemon viminalis,151.194591,-33.889948,University of Sydney
Callistemon viminalis,150.665998,-34.018191,University of Sydney
Callistemon viminalis,150.667938,-34.018421,University of Sydney
Callistemon viminalis,150.65299,-34.03245,University of Sydney
Callistemon viminalis,150.65599,-34.036174,University of Sydney
Callistemon viminalis,150.655561,-34.036429,University of Sydney
Callistemon viminalis,150.655725,-34.036118,University of Sydney
Callistemon viminalis,150.656099,-34.034542,University of Sydney
Callistemon viminalis,150.65621,-34.0348,University of Sydney
Callistemon viminalis,150.656011,-34.03541,University of Sydney
Callistemon viminalis,150.656345,-34.035632,University of Sydney
Callistemon viminalis,150.656127,-34.035475,University of Sydney
Callistemon viminalis,150.656269,-34.035009,University of Sydney
Callistemon viminalis,150.656301,-34.034968,University of Sydney
Callistemon viminalis,150.6569,-34.034112,University of Sydney
Callistemon viminalis,150.657348,-34.029007,University of Sydney
Callistemon viminalis,151.050205,-33.883507,University of Sydney
Callistemon viminalis,151.049428,-33.882185,University of Sydney
Callistemon viminalis,151.048498,-33.882725,University of Sydney
Callistemon viminalis,151.048538,-33.88278,University of Sydney
Callistemon viminalis,151.048571,-33.882765,University of Sydney
Callistemon viminalis,151.048941,-33.881327,University of Sydney
Callistemon viminalis,151.049001,-33.881287,University of Sydney
Callistemon viminalis,151.049292,-33.881003,University of Sydney
Callistemon viminalis,151.049328,-33.881071,University of Sydney
Callistemon viminalis,151.049363,-33.881135,University of Sydney
Callistemon viminalis,151.04938,-33.881176,University of Sydney
Callistemon viminalis,151.049391,-33.881219,University of Sydney
Callistemon viminalis,151.049287,-33.881519,University of Sydney
Callistemon viminalis,151.048,-33.881304,University of Sydney
Callistemon viminalis,151.047829,-33.88141,University of Sydney
Callistemon viminalis,151.047862,-33.881347,University of Sydney
Callistemon viminalis,147.60233,-33.784885,University of Sydney
Callistemon viminalis,147.60233,-33.784887,University of Sydney
Callistemon viminalis,151.049315,-33.881047,University of Sydney
Syzygium francisii,151.188629,-33.885274,University of Sydney
Eucalyptus sp.,151.189845,-33.887603,University of Sydney
Eucalyptus sp.,151.182691,-33.886351,University of Sydney
Eucalyptus sp.,151.18379,-33.886859,University of Sydney
Eucalyptus sp.,151.183634,-33.886755,University of Sydney
Eucalyptus sp.,151.183658,-33.887001,University of Sydney
Eucalyptus sp.,151.18284,-33.887659,University of Sydney
Eucalyptus sp.,151.192446,-33.889377,University of Sydney
Eucalyptus sp.,151.163276,-33.867411,University of Sydney
Eucalyptus sp.,151.050347,-33.881935,University of Sydney
Eucalyptus sp.,150.650588,-34.05592,University of Sydney
Eucalyptus sp.,150.650667,-34.055921,University of Sydney
Eucalyptus sp.,150.666065,-34.0177,University of Sydney
Eucalyptus sp.,150.666181,-34.018353,University of Sydney
Eucalyptus sp.,150.654146,-34.036212,University of Sydney
Eucalyptus sp.,150.653597,-34.036272,University of Sydney
Eucalyptus sp.,150.653861,-34.036055,University of Sydney
Eucalyptus sp.,150.653949,-34.035941,University of Sydney
Eucalyptus sp.,150.654291,-34.035786,University of Sydney
Eucalyptus sp.,150.6548,-34.035846,University of Sydney
Eucalyptus sp.,150.654809,-34.035714,University of Sydney
Eucalyptus sp.,150.655079,-34.035707,University of Sydney
Eucalyptus sp.,150.655565,-34.035783,University of Sydney
Eucalyptus sp.,150.657502,-34.033242,University of Sydney
Eucalyptus sp.,150.657605,-34.033263,University of Sydney
Eucalyptus sp.,150.657698,-34.033259,University of Sydney
Eucalyptus sp.,150.657736,-34.033324,University of Sydney
Eucalyptus sp.,150.657816,-34.033178,University of Sydney
Eucalyptus sp.,150.657879,-34.033357,University of Sydney
Eucalyptus sp.,150.65796,-34.03337,University of Sydney
Eucalyptus sp.,150.65802,-34.033379,University of Sydney
Eucalyptus sp.,150.658001,-34.03333,University of Sydney
Eucalyptus sp.,150.658184,-34.033409,University of Sydney
Eucalyptus sp.,150.658258,-34.033387,University of Sydney
Eucalyptus sp.,150.65831,-34.033431,University of Sydney
Eucalyptus sp.,150.658486,-34.033474,University of Sydney
Eucalyptus sp.,151.049258,-33.883125,University of Sydney
Eucalyptus sp.,151.048089,-33.882711,University of Sydney
Eucalyptus sp.,151.048014,-33.882401,University of Sydney
Eucalyptus sp.,151.049133,-33.880365,University of Sydney
Eucalyptus sp.,151.048298,-33.880172,University of Sydney
Eucalyptus sp.,151.049186,-33.879673,University of Sydney
Eucalyptus sp.,151.04821,-33.880088,University of Sydney
Eucalyptus sp.,151.047408,-33.881272,University of Sydney
Eucalyptus sp.,150.712524,-33.761834,University of Sydney
Eucalyptus sp.,147.602598,-33.780628,University of Sydney
Eucalyptus sp.,147.602586,-33.780819,University of Sydney
Eucalyptus sp.,147.59277,-33.936241,University of Sydney
Eucalyptus sp.,150.667413,-34.017654,University of Sydney
Eucalyptus sp.,151.185495,-33.888669,University of Sydney
Eucalyptus sp.,151.185436,-33.888688,University of Sydney
Eucalyptus sp.,151.185468,-33.888744,University of Sydney
Eucalyptus sp.,151.185237,-33.888724,University of Sydney
Eucalyptus sp.,151.184838,-33.888801,University of Sydney
Eucalyptus sp.,151.185248,-33.888768,University of Sydney
Eucalyptus sp.,151.185062,-33.888818,University of Sydney
Eucalyptus sp.,151.184834,-33.888748,University of Sydney
Eucalyptus sp.,151.19096,-33.885322,University of Sydney
Eucalyptus sp.,151.193096,-33.889223,University of Sydney
Eucalyptus sp.,151.193116,-33.889168,University of Sydney
Eucalyptus sp.,151.193159,-33.889121,University of Sydney
Eucalyptus sp.,151.193217,-33.889087,University of Sydney
Eucalyptus sp.,151.193278,-33.889078,University of Sydney
Eucalyptus sp.,151.193318,-33.889092,University of Sydney
Eucalyptus sp.,151.193359,-33.889109,University of Sydney
Eucalyptus sp.,151.193393,-33.889133,University of Sydney
Eucalyptus robusta,151.190936,-33.884928,University of Sydney
Eucalyptus robusta,150.659158,-34.030336,University of Sydney
Eucalyptus robusta,151.048606,-33.882748,University of Sydney
Eucalyptus robusta,151.048914,-33.879249,University of Sydney
Syzygium 'Cascade',151.188185,-33.886981,University of Sydney
Corymbia citriodora,151.190819,-33.884918,University of Sydney
Corymbia citriodora,151.183579,-33.885437,University of Sydney
Corymbia citriodora,151.18316,-33.885884,University of Sydney
Corymbia citriodora,151.183065,-33.885894,University of Sydney
Corymbia citriodora,151.181894,-33.885739,University of Sydney
Corymbia citriodora,151.181817,-33.885758,University of Sydney
Corymbia citriodora,151.181745,-33.885772,University of Sydney
Corymbia citriodora,151.183639,-33.886668,University of Sydney
Corymbia citriodora,151.184193,-33.885497,University of Sydney
Corymbia citriodora,151.181672,-33.885834,University of Sydney
Corymbia citriodora,151.183556,-33.886882,University of Sydney
Corymbia citriodora,151.189788,-33.890412,University of Sydney
Corymbia citriodora,151.191175,-33.89055,University of Sydney
Corymbia citriodora,151.191222,-33.890528,University of Sydney
Corymbia citriodora,151.191285,-33.890493,University of Sydney
Corymbia citriodora,151.19139,-33.890434,University of Sydney
Corymbia citriodora,151.191831,-33.890499,University of Sydney
Corymbia citriodora,151.19186,-33.890485,University of Sydney
Corymbia citriodora,151.19179,-33.890452,University of Sydney
Corymbia citriodora,151.19182,-33.890429,University of Sydney
Corymbia citriodora,151.191745,-33.890385,University of Sydney
Corymbia citriodora,151.191777,-33.890369,University of Sydney
Corymbia citriodora,151.19171,-33.890345,University of Sydney
Corymbia citriodora,151.191741,-33.890328,University of Sydney
Corymbia citriodora,151.191677,-33.89029,University of Sydney
Corymbia citriodora,151.191707,-33.890272,University of Sydney
Corymbia citriodora,151.191479,-33.890024,University of Sydney
Corymbia citriodora,151.191522,-33.890005,University of Sydney
Corymbia citriodora,151.191437,-33.889966,University of Sydney
Corymbia citriodora,151.191481,-33.889946,University of Sydney
Corymbia citriodora,151.191386,-33.889917,University of Sydney
Corymbia citriodora,151.191431,-33.88989,University of Sydney
Corymbia citriodora,151.191347,-33.889855,University of Sydney
Corymbia citriodora,151.191386,-33.889833,University of Sydney
Corymbia citriodora,151.191292,-33.889811,University of Sydney
Corymbia citriodora,151.191322,-33.889789,University of Sydney
Corymbia citriodora,151.191418,-33.889744,University of Sydney
Corymbia citriodora,151.19145,-33.889729,University of Sydney
Corymbia citriodora,151.191477,-33.889716,University of Sydney
Corymbia citriodora,151.191507,-33.889701,University of Sydney
Corymbia citriodora,151.191537,-33.889686,University of Sydney
Corymbia citriodora,151.191562,-33.889671,University of Sydney
Corymbia citriodora,151.191594,-33.889656,University of Sydney
Corymbia citriodora,151.191622,-33.889637,University of Sydney
Corymbia citriodora,151.191645,-33.889621,University of Sydney
Corymbia citriodora,151.191678,-33.889604,University of Sydney
Corymbia citriodora,151.191702,-33.889591,University of Sydney
Corymbia citriodora,151.191738,-33.889571,University of Sydney
Corymbia citriodora,151.191767,-33.889556,University of Sydney
Corymbia citriodora,151.191802,-33.889535,University of Sydney
Corymbia citriodora,151.191833,-33.889517,University of Sydney
Corymbia citriodora,151.191669,-33.889691,University of Sydney
Corymbia citriodora,151.191635,-33.889704,University of Sydney
Corymbia citriodora,151.191604,-33.889721,University of Sydney
Corymbia citriodora,151.191573,-33.88974,University of Sydney
Corymbia citriodora,151.191549,-33.889752,University of Sydney
Corymbia citriodora,151.191519,-33.889767,University of Sydney
Corymbia citriodora,151.191494,-33.889781,University of Sydney
Corymbia citriodora,151.191463,-33.889797,University of Sydney
Corymbia citriodora,151.191504,-33.88985,University of Sydney
Corymbia citriodora,151.191535,-33.889833,University of Sydney
Corymbia citriodora,151.191564,-33.889817,University of Sydney
Corymbia citriodora,151.19159,-33.889805,University of Sydney
Corymbia citriodora,151.191622,-33.889789,University of Sydney
Corymbia citriodora,151.191619,-33.889869,University of Sydney
Corymbia citriodora,151.191576,-33.889888,University of Sydney
Corymbia citriodora,151.191551,-33.889905,University of Sydney
Corymbia citriodora,151.191594,-33.889956,University of Sydney
Corymbia citriodora,151.191621,-33.889942,University of Sydney
Corymbia citriodora,151.191821,-33.890194,University of Sydney
Corymbia citriodora,151.191799,-33.890209,University of Sydney
Corymbia citriodora,151.191895,-33.890239,University of Sydney
Corymbia citriodora,151.191865,-33.890252,University of Sydney
Corymbia citriodora,151.191838,-33.890274,University of Sydney
Corymbia citriodora,151.191877,-33.89032,University of Sydney
Corymbia citriodora,151.191911,-33.890305,University of Sydney
Corymbia citriodora,151.191935,-33.890287,University of Sydney
Corymbia citriodora,151.191964,-33.890274,University of Sydney
Corymbia citriodora,151.192061,-33.890297,University of Sydney
Corymbia citriodora,151.192034,-33.890315,University of Sydney
Corymbia citriodora,151.191991,-33.890337,University of Sydney
Corymbia citriodora,151.191956,-33.890359,University of Sydney
Corymbia citriodora,151.191915,-33.890379,University of Sydney
Corymbia citriodora,151.191991,-33.890409,University of Sydney
Corymbia citriodora,151.192021,-33.890398,University of Sydney
Corymbia citriodora,151.192047,-33.890382,University of Sydney
Corymbia citriodora,151.192076,-33.890368,University of Sydney
Corymbia citriodora,151.192104,-33.890354,University of Sydney
Corymbia citriodora,151.192183,-33.890307,University of Sydney
Corymbia citriodora,151.192213,-33.89029,University of Sydney
Corymbia citriodora,151.192246,-33.890276,University of Sydney
Corymbia citriodora,151.192344,-33.890292,University of Sydney
Corymbia citriodora,151.192285,-33.890326,University of Sydney
Corymbia citriodora,151.192261,-33.890338,University of Sydney
Corymbia citriodora,151.192231,-33.890362,University of Sydney
Corymbia citriodora,151.192198,-33.890375,University of Sydney
Corymbia citriodora,151.192145,-33.8904,University of Sydney
Corymbia citriodora,151.192117,-33.890416,University of Sydney
Corymbia citriodora,151.192095,-33.890431,University of Sydney
Corymbia citriodora,151.192033,-33.890467,University of Sydney
Corymbia citriodora,151.192003,-33.890483,University of Sydney
Corymbia citriodora,151.194606,-33.889981,University of Sydney
Corymbia citriodora,151.19213,-33.890335,University of Sydney
Corymbia citriodora,151.192158,-33.890322,University of Sydney
Corymbia citriodora,151.191899,-33.890541,University of Sydney
Corymbia citriodora,151.191871,-33.89056,University of Sydney
Corymbia citriodora,151.161732,-33.86472,University of Sydney
Corymbia citriodora,151.161787,-33.865253,University of Sydney
Corymbia citriodora,151.050522,-33.882414,University of Sydney
Corymbia citriodora,150.645854,-34.053793,University of Sydney
Corymbia citriodora,150.645766,-34.053684,University of Sydney
Corymbia citriodora,150.654951,-34.036531,University of Sydney
Corymbia citriodora,150.654881,-34.036521,University of Sydney
Corymbia citriodora,150.654604,-34.036479,University of Sydney
Corymbia citriodora,150.654928,-34.036379,University of Sydney
Corymbia citriodora,150.654983,-34.036316,University of Sydney
Corymbia citriodora,150.653494,-34.03407,University of Sydney
Corymbia citriodora,150.654971,-34.034455,University of Sydney
Corymbia citriodora,150.656497,-34.03453,University of Sydney
Corymbia citriodora,150.65675,-34.034137,University of Sydney
Corymbia citriodora,150.657208,-34.032418,University of Sydney
Corymbia citriodora,150.657367,-34.032289,University of Sydney
Corymbia citriodora,150.65728,-34.032216,University of Sydney
Corymbia citriodora,150.65806,-34.030267,University of Sydney
Corymbia citriodora,150.658225,-34.030152,University of Sydney
Corymbia citriodora,150.658241,-34.030115,University of Sydney
Corymbia citriodora,150.658539,-34.030238,University of Sydney
Corymbia citriodora,150.658556,-34.030166,University of Sydney
Corymbia citriodora,150.658581,-34.030109,University of Sydney
Corymbia citriodora,150.658992,-34.030625,University of Sydney
Corymbia citriodora,150.657721,-34.029684,University of Sydney
Corymbia citriodora,150.65781,-34.029511,University of Sydney
Corymbia citriodora,150.657823,-34.029357,University of Sydney
Corymbia citriodora,150.657872,-34.02923,University of Sydney
Corymbia citriodora,151.050574,-33.882462,University of Sydney
Corymbia citriodora,151.050796,-33.882809,University of Sydney
Corymbia citriodora,151.050655,-33.882908,University of Sydney
Corymbia citriodora,151.05064,-33.882888,University of Sydney
Corymbia citriodora,151.050632,-33.882854,University of Sydney
Corymbia citriodora,151.050613,-33.882871,University of Sydney
Corymbia citriodora,151.050625,-33.882825,University of Sydney
Corymbia citriodora,151.050589,-33.882829,University of Sydney
Corymbia citriodora,151.050567,-33.882722,University of Sydney
Corymbia citriodora,151.050559,-33.882711,University of Sydney
Corymbia citriodora,151.050529,-33.882697,University of Sydney
Corymbia citriodora,151.050539,-33.882678,University of Sydney
Corymbia citriodora,151.050499,-33.882573,University of Sydney
Corymbia citriodora,151.050488,-33.882564,University of Sydney
Corymbia citriodora,151.050474,-33.882538,University of Sydney
Corymbia citriodora,151.050443,-33.882551,University of Sydney
Corymbia citriodora,151.050451,-33.882504,University of Sydney
Corymbia citriodora,151.050411,-33.88253,University of Sydney
Corymbia citriodora,147.602666,-33.779543,University of Sydney
Corymbia citriodora,151.192508,-33.889322,University of Sydney
Corymbia citriodora,151.192429,-33.889382,University of Sydney
Tristaniopsis laurina,151.188716,-33.887995,University of Sydney
Tristaniopsis laurina,151.184002,-33.886179,University of Sydney
Tristaniopsis laurina,151.184065,-33.886163,University of Sydney
Tristaniopsis laurina,151.18412,-33.886163,University of Sydney
Tristaniopsis laurina,151.184159,-33.886157,University of Sydney
Tristaniopsis laurina,151.183308,-33.886037,University of Sydney
Tristaniopsis laurina,151.184277,-33.887111,University of Sydney
Tristaniopsis laurina,151.185685,-33.885371,University of Sydney
Tristaniopsis laurina,151.194034,-33.888859,University of Sydney
Tristaniopsis laurina,151.193985,-33.888845,University of Sydney
Tristaniopsis laurina,151.194014,-33.888771,University of Sydney
Tristaniopsis laurina,151.189651,-33.891381,University of Sydney
Tristaniopsis laurina,151.048599,-33.882698,University of Sydney
Tristaniopsis laurina,151.048529,-33.882723,University of Sydney
Tristaniopsis laurina,151.048575,-33.882748,University of Sydney
Tristaniopsis laurina,151.048953,-33.880511,University of Sydney
Tristaniopsis laurina,151.047424,-33.881793,University of Sydney
Tristaniopsis laurina,151.047298,-33.882488,University of Sydney
Tristaniopsis laurina,151.047298,-33.882375,University of Sydney
Tristaniopsis laurina,151.04722,-33.882371,University of Sydney
Tristaniopsis laurina,151.047347,-33.882107,University of Sydney
Tristaniopsis laurina,150.712646,-33.761492,University of Sydney
Tristaniopsis laurina,147.602384,-33.784026,University of Sydney
Tristaniopsis laurina,147.6025,-33.782184,University of Sydney
Tristaniopsis laurina,147.6025,-33.782184,University of Sydney
Tristaniopsis laurina,147.602668,-33.779524,University of Sydney
Tristaniopsis laurina,147.602666,-33.779549,University of Sydney
Tristaniopsis laurina,147.602703,-33.778958,University of Sydney
Tristaniopsis laurina,151.190159,-33.88543,University of Sydney
Tristaniopsis laurina,151.190156,-33.885371,University of Sydney
Tristaniopsis laurina,151.193285,-33.889673,University of Sydney
Tristaniopsis laurina,151.193442,-33.889185,University of Sydney
Tristaniopsis laurina,151.193489,-33.889204,University of Sydney
Tristaniopsis laurina,151.193313,-33.889715,University of Sydney
Melaleuca quinquenervia,151.18775,-33.88536,University of Sydney
Melaleuca quinquenervia,151.187682,-33.885363,University of Sydney
Melaleuca quinquenervia,151.187618,-33.885372,University of Sydney
Melaleuca quinquenervia,151.186908,-33.886032,University of Sydney
Melaleuca quinquenervia,151.188664,-33.887429,University of Sydney
Melaleuca quinquenervia,151.185627,-33.886943,University of Sydney
Melaleuca quinquenervia,151.182667,-33.885995,University of Sydney
Melaleuca quinquenervia,151.189981,-33.89103,University of Sydney
Melaleuca quinquenervia,151.189814,-33.890461,University of Sydney
Melaleuca quinquenervia,151.19179,-33.890612,University of Sydney
Melaleuca quinquenervia,151.191735,-33.890549,University of Sydney
Melaleuca quinquenervia,151.191682,-33.890475,University of Sydney
Melaleuca quinquenervia,151.191643,-33.890421,University of Sydney
Melaleuca quinquenervia,151.191608,-33.89038,University of Sydney
Melaleuca quinquenervia,151.19156,-33.890324,University of Sydney
Melaleuca quinquenervia,151.192874,-33.889919,University of Sydney
Melaleuca quinquenervia,151.192847,-33.889969,University of Sydney
Melaleuca quinquenervia,151.192849,-33.890009,University of Sydney
Melaleuca quinquenervia,151.192816,-33.89009,University of Sydney
Melaleuca quinquenervia,151.192785,-33.89013,University of Sydney
Melaleuca quinquenervia,151.192759,-33.890177,University of Sydney
Melaleuca quinquenervia,151.192747,-33.890218,University of Sydney
Melaleuca quinquenervia,151.192671,-33.89036,University of Sydney
Melaleuca quinquenervia,151.193103,-33.890581,University of Sydney
Melaleuca quinquenervia,151.193058,-33.890714,University of Sydney
Melaleuca quinquenervia,151.193022,-33.890792,University of Sydney
Melaleuca quinquenervia,151.192988,-33.890854,University of Sydney
Melaleuca quinquenervia,151.192952,-33.890948,University of Sydney
Melaleuca quinquenervia,151.192918,-33.891038,University of Sydney
Melaleuca quinquenervia,151.193077,-33.891032,University of Sydney
Melaleuca quinquenervia,151.193157,-33.89084,University of Sydney
Melaleuca quinquenervia,151.193209,-33.890735,University of Sydney
Melaleuca quinquenervia,151.193242,-33.890654,University of Sydney
Melaleuca quinquenervia,151.193278,-33.890544,University of Sydney
Melaleuca quinquenervia,151.193918,-33.888643,University of Sydney
Melaleuca quinquenervia,151.193935,-33.888602,University of Sydney
Melaleuca quinquenervia,151.193951,-33.888549,University of Sydney
Melaleuca quinquenervia,151.193992,-33.888469,University of Sydney
Melaleuca quinquenervia,151.194065,-33.888465,University of Sydney
Melaleuca quinquenervia,151.195004,-33.888189,University of Sydney
Melaleuca quinquenervia,151.193957,-33.888381,University of Sydney
Melaleuca quinquenervia,151.193822,-33.88835,University of Sydney
Melaleuca quinquenervia,151.192912,-33.891558,University of Sydney
Melaleuca quinquenervia,151.192922,-33.891571,University of Sydney
Melaleuca quinquenervia,151.192948,-33.891577,University of Sydney
Melaleuca quinquenervia,151.193055,-33.891532,University of Sydney
Melaleuca quinquenervia,151.19304,-33.891536,University of Sydney
Melaleuca quinquenervia,151.193016,-33.891542,University of Sydney
Melaleuca quinquenervia,151.192986,-33.891553,University of Sydney
Melaleuca quinquenervia,151.192926,-33.89154,University of Sydney
Melaleuca quinquenervia,151.192916,-33.891528,University of Sydney
Melaleuca quinquenervia,151.192908,-33.891518,University of Sydney
Melaleuca quinquenervia,151.192897,-33.891503,University of Sydney
Melaleuca quinquenervia,151.192889,-33.89149,University of Sydney
Melaleuca quinquenervia,151.192878,-33.891479,University of Sydney
Melaleuca quinquenervia,151.192865,-33.891464,University of Sydney
Melaleuca quinquenervia,151.192858,-33.891443,University of Sydney
Melaleuca quinquenervia,151.192847,-33.891428,University of Sydney
Melaleuca quinquenervia,151.19284,-33.891403,University of Sydney
Melaleuca quinquenervia,151.192869,-33.891395,University of Sydney
Melaleuca quinquenervia,151.194494,-33.889998,University of Sydney
Melaleuca quinquenervia,151.194519,-33.889966,University of Sydney
Melaleuca quinquenervia,151.193863,-33.888365,University of Sydney
Melaleuca quinquenervia,151.193088,-33.891263,University of Sydney
Melaleuca quinquenervia,151.161939,-33.865519,University of Sydney
Melaleuca quinquenervia,150.654426,-34.036043,University of Sydney
Melaleuca quinquenervia,151.050372,-33.882412,University of Sydney
Melaleuca quinquenervia,151.050386,-33.882394,University of Sydney
Melaleuca quinquenervia,151.050373,-33.882361,University of Sydney
Melaleuca quinquenervia,151.050341,-33.882343,University of Sydney
Melaleuca quinquenervia,151.05035,-33.88231,University of Sydney
Melaleuca quinquenervia,151.050312,-33.882327,University of Sydney
Melaleuca quinquenervia,151.050313,-33.882375,University of Sydney
Melaleuca quinquenervia,151.050295,-33.882419,University of Sydney
Melaleuca quinquenervia,151.050265,-33.882423,University of Sydney
Melaleuca quinquenervia,151.050268,-33.882441,University of Sydney
Melaleuca quinquenervia,151.050242,-33.882448,University of Sydney
Melaleuca quinquenervia,151.050217,-33.882466,University of Sydney
Melaleuca quinquenervia,151.050229,-33.882486,University of Sydney
Melaleuca quinquenervia,151.05019,-33.882486,University of Sydney
Melaleuca quinquenervia,151.050201,-33.88251,University of Sydney
Melaleuca quinquenervia,151.050169,-33.882542,University of Sydney
Melaleuca quinquenervia,151.050153,-33.882556,University of Sydney
Melaleuca quinquenervia,151.050106,-33.882551,University of Sydney
Melaleuca quinquenervia,-33.882578,151.050113,University of Sydney
Melaleuca quinquenervia,151.05008,-33.882588,University of Sydney
Melaleuca quinquenervia,151.050078,-33.882615,University of Sydney
Melaleuca quinquenervia,151.050055,-33.882603,University of Sydney
Melaleuca quinquenervia,151.050029,-33.882623,University of Sydney
Melaleuca quinquenervia,151.050035,-33.882652,University of Sydney
Melaleuca quinquenervia,151.05001,-33.882675,University of Sydney
Melaleuca quinquenervia,151.049974,-33.882656,University of Sydney
Melaleuca quinquenervia,151.049973,-33.882681,University of Sydney
Melaleuca quinquenervia,151.0499,-33.882723,University of Sydney
Melaleuca quinquenervia,151.049912,-33.88275,University of Sydney
Melaleuca quinquenervia,151.049894,-33.882765,University of Sydney
Melaleuca quinquenervia,151.049857,-33.882754,University of Sydney
Melaleuca quinquenervia,151.049836,-33.882784,University of Sydney
Melaleuca quinquenervia,151.049915,-33.882466,University of Sydney
Melaleuca quinquenervia,151.049941,-33.882445,University of Sydney
Melaleuca quinquenervia,151.049942,-33.882416,University of Sydney
Melaleuca quinquenervia,151.050011,-33.882352,University of Sydney
Melaleuca quinquenervia,151.050031,-33.882359,University of Sydney
Melaleuca quinquenervia,151.050043,-33.882321,University of Sydney
Melaleuca quinquenervia,151.050076,-33.882319,University of Sydney
Melaleuca quinquenervia,151.050066,-33.882297,University of Sydney
Melaleuca quinquenervia,151.050146,-33.882269,University of Sydney
Melaleuca quinquenervia,151.050163,-33.882226,University of Sydney
Melaleuca quinquenervia,151.050191,-33.882203,University of Sydney
Melaleuca quinquenervia,151.050227,-33.88219,University of Sydney
Melaleuca quinquenervia,151.050219,-33.882223,University of Sydney
Melaleuca quinquenervia,151.050192,-33.882238,University of Sydney
Melaleuca quinquenervia,151.050228,-33.882258,University of Sydney
Melaleuca quinquenervia,151.050266,-33.882231,University of Sydney
Melaleuca quinquenervia,151.048785,-33.881935,University of Sydney
Melaleuca quinquenervia,151.04875,-33.881946,University of Sydney
Melaleuca quinquenervia,151.048712,-33.88196,University of Sydney
Melaleuca quinquenervia,151.04871,-33.882005,University of Sydney
Melaleuca quinquenervia,151.048752,-33.882023,University of Sydney
Melaleuca quinquenervia,151.04878,-33.881985,University of Sydney
Melaleuca quinquenervia,151.299142,-33.549464,University of Sydney
Melaleuca quinquenervia,151.299123,-33.549542,University of Sydney
Melaleuca quinquenervia,151.299024,-33.549552,University of Sydney
Syzygium luehmannii,151.163496,-33.865311,University of Sydney
Syzygium luehmannii,151.16176,-33.865164,University of Sydney
Syzygium luehmannii,151.049638,-33.882124,University of Sydney
Syzygium luehmannii,151.049565,-33.882119,University of Sydney
Syzygium luehmannii,151.049177,-33.881782,University of Sydney
Syzygium luehmannii,151.18257,-33.88637,University of Sydney
Syzygium luehmannii,151.18254,-33.88634,University of Sydney
Syzygium sp.,151.194288,-33.888483,University of Sydney
Syzygium sp.,151.194316,-33.888493,University of Sydney
Syzygium sp.,151.194342,-33.888503,University of Sydney
Syzygium sp.,151.194369,-33.888509,University of Sydney
Syzygium sp.,151.194394,-33.888515,University of Sydney
Syzygium sp.,151.194417,-33.888526,University of Sydney
Syzygium sp.,151.194543,-33.88857,University of Sydney
Syzygium sp.,151.194552,-33.888585,University of Sydney
Syzygium sp.,151.19456,-33.888604,University of Sydney
Syzygium sp.,151.19458,-33.888625,University of Sydney
Syzygium sp.,151.194606,-33.888628,University of Sydney
Syzygium sp.,151.194628,-33.888634,University of Sydney
Syzygium sp.,151.194658,-33.888642,University of Sydney
Syzygium sp.,151.194684,-33.888651,University of Sydney
Syzygium sp.,151.194707,-33.888657,University of Sydney
Syzygium sp.,151.192811,-33.891222,University of Sydney
Syzygium sp.,150.712233,-33.761779,University of Sydney
Syzygium sp.,151.299003,-33.549431,University of Sydney
Syzygium sp.,151.298745,-33.549406,University of Sydney
Eucalyptus bicostata,151.190656,-33.884929,University of Sydney
Eucalyptus bicostata,151.192476,-33.889339,University of Sydney
Eucalyptus maidenii,151.18381,-33.885949,University of Sydney
Syzygium floribundum,151.19043,-33.88838,University of Sydney
Syzygium floribundum,151.190512,-33.888378,University of Sydney
Syzygium floribundum,151.189581,-33.888994,University of Sydney
Syzygium floribundum,151.189542,-33.889,University of Sydney
Syzygium floribundum,151.189511,-33.889005,University of Sydney
Syzygium floribundum,151.182929,-33.888,University of Sydney
Syzygium floribundum,151.182903,-33.887965,University of Sydney
Syzygium floribundum,151.183606,-33.886941,University of Sydney
Syzygium floribundum,151.190861,-33.890135,University of Sydney
Syzygium floribundum,151.190915,-33.890109,University of Sydney
Syzygium floribundum,151.190951,-33.890092,University of Sydney
Syzygium floribundum,151.190999,-33.890074,University of Sydney
Syzygium floribundum,151.191035,-33.890056,University of Sydney
Syzygium floribundum,151.048035,-33.882253,University of Sydney
Syzygium floribundum,151.048071,-33.882197,University of Sydney
Syzygium floribundum,151.048073,-33.882172,University of Sydney
Syzygium floribundum,151.193019,-33.889685,University of Sydney
Syzygium floribundum,151.193019,-33.889685,University of Sydney
Syzygium floribundum,151.193071,-33.889663,University of Sydney
Syzygium floribundum,151.193134,-33.88966,University of Sydney
Syzygium floribundum,151.193234,-33.889697,University of Sydney
Syzygium floribundum,151.193267,-33.889752,University of Sydney
Syzygium floribundum,151.19327,-33.889805,University of Sydney
Syzygium floribundum,151.193645,-33.889052,University of Sydney
Syzygium floribundum,151.193726,-33.889073,University of Sydney
Syzygium floribundum,151.193728,-33.888992,University of Sydney
Syzygium floribundum,151.193751,-33.889004,University of Sydney
Syzygium floribundum,151.193752,-33.888981,University of Sydney
Syzygium floribundum,151.193404,-33.888972,University of Sydney
Leptospermum laevigatum,151.18248,-33.88633,University of Sydney
Syzygium jambos,151.193115,-33.891506,University of Sydney
Syzygium jambos,151.193256,-33.891442,University of Sydney
Syzygium jambos,151.163159,-33.864668,University of Sydney
Syzygium jambos,151.163171,-33.864606,University of Sydney
Syzygium jambos,151.163458,-33.864819,University of Sydney
Syzygium jambos,151.161907,-33.86431,University of Sydney
Syzygium jambos,151.163453,-33.86607,University of Sydney
Syzygium jambos,151.163455,-33.866038,University of Sydney
Melaleuca sp.,151.192866,-33.889143,University of Sydney
Melaleuca sp.,150.656298,-34.035607,University of Sydney
Melaleuca sp.,150.656196,-34.035296,University of Sydney
Melaleuca sp.,150.656821,-34.034164,University of Sydney
Melaleuca sp.,150.656972,-34.033716,University of Sydney
Syzygium paniculatum,151.18898,-33.884994,University of Sydney
Syzygium paniculatum,151.18888,-33.884998,University of Sydney
Syzygium paniculatum,151.188838,-33.884993,University of Sydney
Syzygium paniculatum,151.18628,-33.886367,University of Sydney
Syzygium paniculatum,151.186356,-33.886361,University of Sydney
Syzygium paniculatum,151.186391,-33.886338,University of Sydney
Syzygium paniculatum,151.186426,-33.886384,University of Sydney
Syzygium paniculatum,151.186496,-33.886385,University of Sydney
Syzygium paniculatum,151.186445,-33.886368,University of Sydney
Syzygium paniculatum,151.186446,-33.886355,University of Sydney
Syzygium paniculatum,151.186444,-33.886339,University of Sydney
Syzygium paniculatum,151.186497,-33.886341,University of Sydney
Syzygium paniculatum,151.186498,-33.886367,University of Sydney
Syzygium paniculatum,151.189354,-33.889016,University of Sydney
Syzygium paniculatum,151.189321,-33.889027,University of Sydney
Syzygium paniculatum,151.19296,-33.888679,University of Sydney
Syzygium paniculatum,151.192489,-33.890799,University of Sydney
Syzygium paniculatum,151.192491,-33.890789,University of Sydney
Syzygium paniculatum,151.192478,-33.890779,University of Sydney
Syzygium paniculatum,151.192484,-33.890766,University of Sydney
Syzygium paniculatum,151.192464,-33.890774,University of Sydney
Syzygium paniculatum,151.192466,-33.89076,University of Sydney
Syzygium paniculatum,151.192449,-33.890764,University of Sydney
Syzygium paniculatum,151.190849,-33.890269,University of Sydney
Syzygium paniculatum,151.192145,-33.888503,University of Sydney
Syzygium paniculatum,151.163456,-33.867237,University of Sydney
Syzygium paniculatum,151.163434,-33.867164,University of Sydney
Syzygium paniculatum,150.655656,-34.03232,University of Sydney
Syzygium paniculatum,150.655565,-34.032335,University of Sydney
Syzygium paniculatum,150.655435,-34.032422,University of Sydney
Syzygium paniculatum,151.05024,-33.883514,University of Sydney
Syzygium paniculatum,151.050357,-33.883546,University of Sydney
Syzygium paniculatum,147.602384,-33.784026,University of Sydney
Syzygium paniculatum,150.667377,-34.017668,University of Sydney
Syzygium paniculatum,151.187216,-33.885362,University of Sydney
Eucalyptus camaldulensis,151.191156,-33.884921,University of Sydney
Eucalyptus camaldulensis,151.185089,-33.887195,University of Sydney
Eucalyptus camaldulensis,151.185873,-33.88795,University of Sydney
Eucalyptus camaldulensis,149.873378,-30.253402,University of Sydney
Eucalyptus camaldulensis,149.873364,-30.25341,University of Sydney
Eucalyptus camaldulensis,149.873364,-30.253402,University of Sydney
Eucalyptus camaldulensis,149.873384,-30.253371,University of Sydney
Eucalyptus camaldulensis,149.87337,-30.253363,University of Sydney
Eucalyptus camaldulensis,149.873324,-30.253344,University of Sydney
Eucalyptus camaldulensis,149.873324,-30.253363,University of Sydney
Eucalyptus camaldulensis,149.873302,-30.253372,University of Sydney
Eucalyptus camaldulensis,149.873301,-30.253358,University of Sydney
Eucalyptus camaldulensis,149.873287,-30.253348,University of Sydney
Eucalyptus camaldulensis,149.873363,-30.253185,University of Sydney
Eucalyptus camaldulensis,149.873607,-30.25383,University of Sydney
Eucalyptus camaldulensis,149.873609,-30.253326,University of Sydney
Eucalyptus camaldulensis,149.873721,-30.253318,University of Sydney
Eucalyptus camaldulensis,149.873737,-30.253313,University of Sydney
Eucalyptus camaldulensis,149.873746,-30.253311,University of Sydney
Eucalyptus camaldulensis,149.873738,-30.253297,University of Sydney
Eucalyptus camaldulensis,149.873876,-30.253305,University of Sydney
Eucalyptus camaldulensis,149.873996,-30.253389,University of Sydney
Eucalyptus camaldulensis,149.873823,-30.253219,University of Sydney
Eucalyptus camaldulensis,149.873795,-30.253265,University of Sydney
Eucalyptus camaldulensis,149.873803,-30.253286,University of Sydney
Eucalyptus camaldulensis,149.873839,-30.253288,University of Sydney
Eucalyptus camaldulensis,149.873855,-30.253283,University of Sydney
Eucalyptus camaldulensis,149.873673,-30.253047,University of Sydney
Eucalyptus camaldulensis,149.873673,-30.253047,University of Sydney
Eucalyptus camaldulensis,149.873372,-30.253141,University of Sydney
Eucalyptus camaldulensis,149.873311,-30.25343,University of Sydney
Eucalyptus camaldulensis,149.873657,-30.254445,University of Sydney
Eucalyptus camaldulensis,149.873694,-30.254443,University of Sydney
Eucalyptus camaldulensis,149.872207,-30.25473,University of Sydney
Eucalyptus camaldulensis,149.87215,-30.254718,University of Sydney
Eucalyptus camaldulensis,149.872149,-30.254715,University of Sydney
Eucalyptus camaldulensis,149.872162,-30.254709,University of Sydney
Eucalyptus camaldulensis,149.872165,-30.254663,University of Sydney
Eucalyptus camaldulensis,149.872165,-30.254641,University of Sydney
Eucalyptus camaldulensis,149.872139,-30.254642,University of Sydney
Eucalyptus camaldulensis,149.872145,-30.254635,University of Sydney
Eucalyptus camaldulensis,149.872151,-30.254628,University of Sydney
Eucalyptus camaldulensis,149.872153,-30.254613,University of Sydney
Eucalyptus camaldulensis,149.872152,-30.254607,University of Sydney
Eucalyptus camaldulensis,149.872163,-30.254615,University of Sydney
Eucalyptus camaldulensis,149.872176,-30.254591,University of Sydney
Eucalyptus camaldulensis,149.872184,-30.25465,University of Sydney
Eucalyptus camaldulensis,149.872165,-30.254578,University of Sydney
Eucalyptus camaldulensis,149.872216,-30.254385,University of Sydney
Eucalyptus camaldulensis,149.87227,-30.253986,University of Sydney
Eucalyptus camaldulensis,149.872373,-30.254169,University of Sydney
Eucalyptus camaldulensis,149.87256,-30.253859,University of Sydney
Eucalyptus camaldulensis,149.872667,-30.253788,University of Sydney
Eucalyptus camaldulensis,149.872606,-30.253703,University of Sydney
Eucalyptus camaldulensis,149.872579,-30.253669,University of Sydney
Eucalyptus camaldulensis,149.872825,-30.253534,University of Sydney
Eucalyptus camaldulensis,149.87319,-30.253359,University of Sydney
Eucalyptus camaldulensis,149.873192,-30.253359,University of Sydney
Eucalyptus camaldulensis,149.873201,-30.253358,University of Sydney
Eucalyptus camaldulensis,149.873203,-30.253357,University of Sydney
Eucalyptus camaldulensis,149.873246,-30.253365,University of Sydney
Eucalyptus camaldulensis,149.873264,-30.253358,University of Sydney
Eucalyptus camaldulensis,149.873267,-30.253366,University of Sydney
Eucalyptus camaldulensis,149.873272,-30.253367,University of Sydney
Eucalyptus camaldulensis,149.844724,-30.265331,University of Sydney
Eucalyptus camaldulensis,149.844723,-30.265335,University of Sydney
Eucalyptus camaldulensis,149.844672,-30.265359,University of Sydney
Eucalyptus camaldulensis,149.844697,-30.265297,University of Sydney
Eucalyptus camaldulensis,149.844695,-30.26523,University of Sydney
Eucalyptus camaldulensis,149.844519,-30.264538,University of Sydney
Eucalyptus camaldulensis,149.844504,-30.264585,University of Sydney
Eucalyptus camaldulensis,149.844594,-30.264516,University of Sydney
Eucalyptus camaldulensis,149.844694,-30.264444,University of Sydney
Eucalyptus camaldulensis,149.844362,-30.260853,University of Sydney
Eucalyptus camaldulensis,149.844434,-30.260852,University of Sydney
Eucalyptus camaldulensis,149.844516,-30.26084,University of Sydney
Eucalyptus camaldulensis,149.846094,-30.260599,University of Sydney
Eucalyptus camaldulensis,149.846208,-30.260025,University of Sydney
Eucalyptus camaldulensis,149.846204,-30.260609,University of Sydney
Eucalyptus camaldulensis,149.846707,-30.260628,University of Sydney
Eucalyptus camaldulensis,149.846712,-30.260636,University of Sydney
Eucalyptus camaldulensis,149.846769,-30.26064,University of Sydney
Eucalyptus camaldulensis,149.847201,-30.260608,University of Sydney
Eucalyptus camaldulensis,149.870227,-30.256686,University of Sydney
Eucalyptus camaldulensis,149.847206,-30.260606,University of Sydney
Eucalyptus camaldulensis,149.847919,-30.260601,University of Sydney
Eucalyptus camaldulensis,149.847308,-30.260578,University of Sydney
Eucalyptus camaldulensis,149.847318,-30.260571,University of Sydney
Eucalyptus camaldulensis,149.847322,-30.260561,University of Sydney
Eucalyptus camaldulensis,149.84733,-30.26057,University of Sydney
Eucalyptus camaldulensis,149.869312,-30.256755,University of Sydney
Eucalyptus camaldulensis,149.869359,-30.256722,University of Sydney
Eucalyptus camaldulensis,149.870233,-30.256688,University of Sydney
Eucalyptus camaldulensis,149.870268,-30.256711,University of Sydney
Eucalyptus camaldulensis,149.870283,-30.256705,University of Sydney
Eucalyptus camaldulensis,149.870288,-30.256706,University of Sydney
Eucalyptus camaldulensis,149.870309,-30.256705,University of Sydney
Eucalyptus camaldulensis,149.870314,-30.256698,University of Sydney
Eucalyptus camaldulensis,149.870322,-30.256699,University of Sydney
Eucalyptus camaldulensis,149.870322,-30.256747,University of Sydney
Eucalyptus camaldulensis,149.870336,-30.256713,University of Sydney
Eucalyptus camaldulensis,149.87035,-30.256716,University of Sydney
Eucalyptus camaldulensis,149.870358,-30.256716,University of Sydney
Eucalyptus camaldulensis,149.870375,-30.256725,University of Sydney
Eucalyptus camaldulensis,149.870479,-30.256737,University of Sydney
Eucalyptus camaldulensis,149.870492,-30.256744,University of Sydney
Eucalyptus camaldulensis,149.870533,-30.256742,University of Sydney
Eucalyptus camaldulensis,149.870562,-30.256732,University of Sydney
Eucalyptus camaldulensis,149.870573,-30.25673,University of Sydney
Eucalyptus camaldulensis,149.870573,-30.256728,University of Sydney
Eucalyptus camaldulensis,149.87058,-30.256728,University of Sydney
Eucalyptus camaldulensis,149.870591,-30.256726,University of Sydney
Eucalyptus camaldulensis,149.870598,-30.256726,University of Sydney
Eucalyptus camaldulensis,149.870601,-30.256726,University of Sydney
Eucalyptus camaldulensis,149.870606,-30.256725,University of Sydney
Eucalyptus camaldulensis,149.870645,-30.256667,University of Sydney
Eucalyptus camaldulensis,149.870665,-30.256672,University of Sydney
Eucalyptus camaldulensis,149.870666,-30.25671,University of Sydney
Eucalyptus camaldulensis,149.870655,-30.256702,University of Sydney
Eucalyptus camaldulensis,149.87069,-30.256694,University of Sydney
Eucalyptus camaldulensis,149.870693,-30.256692,University of Sydney
Eucalyptus camaldulensis,149.870644,-30.256762,University of Sydney
Eucalyptus camaldulensis,149.870754,-30.256672,University of Sydney
Eucalyptus camaldulensis,148.871191,-30.256493,University of Sydney
Eucalyptus camaldulensis,148.87119,-30.25649,University of Sydney
Eucalyptus camaldulensis,149.871219,-30.256063,University of Sydney
Eucalyptus camaldulensis,149.87132,-30.255875,University of Sydney
Eucalyptus camaldulensis,149.871326,-30.255894,University of Sydney
Eucalyptus camaldulensis,149.871497,-30.255849,University of Sydney
Eucalyptus camaldulensis,149.871486,-30.255836,University of Sydney
Eucalyptus camaldulensis,149.872104,-30.255485,University of Sydney
Eucalyptus camaldulensis,149.872113,-30.255493,University of Sydney
Eucalyptus camaldulensis,149.872109,-30.255499,University of Sydney
Eucalyptus camaldulensis,149.872119,-30.255497,University of Sydney
Eucalyptus camaldulensis,149.872122,-30.2555,University of Sydney
Eucalyptus camaldulensis,149.872067,-30.255426,University of Sydney
Eucalyptus camaldulensis,149.872028,-30.255349,University of Sydney
Eucalyptus camaldulensis,149.871947,-30.255313,University of Sydney
Eucalyptus camaldulensis,149.871971,-30.255306,University of Sydney
Eucalyptus camaldulensis,149.872017,-30.255155,University of Sydney
Eucalyptus camaldulensis,149.872027,-30.255143,University of Sydney
Eucalyptus camaldulensis,149.87203,-30.255141,University of Sydney
Eucalyptus camaldulensis,149.872515,-30.255143,University of Sydney
Eucalyptus camaldulensis,149.872433,-30.254833,University of Sydney
Eucalyptus camaldulensis,149.872423,-30.254852,University of Sydney
Eucalyptus camaldulensis,149.872407,-30.254842,University of Sydney
Eucalyptus camaldulensis,149.872404,-30.254838,University of Sydney
Eucalyptus camaldulensis,149.872391,-30.254818,University of Sydney
Eucalyptus camaldulensis,149.872254,-30.25489,University of Sydney
Eucalyptus camaldulensis,149.872209,-30.254889,University of Sydney
Eucalyptus camaldulensis,149.872211,-30.254861,University of Sydney
Eucalyptus camaldulensis,149.87215,-30.254792,University of Sydney
Eucalyptus camaldulensis,149.87219,-30.254757,University of Sydney
Eucalyptus camaldulensis,149.844638,-30.26623,University of Sydney
Eucalyptus camaldulensis,149.844513,-30.265229,University of Sydney
Eucalyptus camaldulensis,149.84443,-30.265229,University of Sydney
Eucalyptus camaldulensis,149.844614,-30.265226,University of Sydney
Eucalyptus camaldulensis,149.844585,-30.26522,University of Sydney
Eucalyptus camaldulensis,149.844548,-30.265214,University of Sydney
Eucalyptus camaldulensis,149.844605,-30.265211,University of Sydney
Eucalyptus camaldulensis,149.84458,-30.265192,University of Sydney
Eucalyptus camaldulensis,149.84424,-30.265141,University of Sydney
Eucalyptus camaldulensis,149.84442,-30.265136,University of Sydney
Eucalyptus camaldulensis,149.844732,-30.265122,University of Sydney
Eucalyptus camaldulensis,149.844733,-30.265116,University of Sydney
Eucalyptus camaldulensis,149.84472,-30.2651,University of Sydney
Eucalyptus camaldulensis,149.844735,-30.265095,University of Sydney
Eucalyptus camaldulensis,149.84439,-30.265093,University of Sydney
Eucalyptus camaldulensis,149.844712,-30.265078,University of Sydney
Eucalyptus camaldulensis,149.844702,-30.265042,University of Sydney
Eucalyptus camaldulensis,149.844345,-30.265041,University of Sydney
Eucalyptus camaldulensis,149.844696,-30.265026,University of Sydney
Eucalyptus camaldulensis,149.844693,-30.265012,University of Sydney
Eucalyptus camaldulensis,149.844541,-30.26499,University of Sydney
Eucalyptus camaldulensis,149.844654,-30.26499,University of Sydney
Eucalyptus camaldulensis,149.844345,-30.264963,University of Sydney
Eucalyptus camaldulensis,149.844344,-30.264932,University of Sydney
Eucalyptus camaldulensis,149.844327,-30.264862,University of Sydney
Eucalyptus camaldulensis,149.844577,-30.264402,University of Sydney
Eucalyptus camaldulensis,149.844806,-30.264391,University of Sydney
Eucalyptus camaldulensis,149.844899,-30.264389,University of Sydney
Eucalyptus camaldulensis,149.844852,-30.264384,University of Sydney
Eucalyptus camaldulensis,149.844801,-30.264383,University of Sydney
Eucalyptus camaldulensis,149.844796,-30.264377,University of Sydney
Eucalyptus camaldulensis,149.844736,-30.264369,University of Sydney
Eucalyptus camaldulensis,149.844697,-30.264364,University of Sydney
Eucalyptus camaldulensis,149.844635,-30.264362,University of Sydney
Eucalyptus camaldulensis,149.844662,-30.264357,University of Sydney
Eucalyptus camaldulensis,149.844772,-30.264353,University of Sydney
Eucalyptus camaldulensis,149.844982,-30.264321,University of Sydney
Eucalyptus camaldulensis,149.845055,-30.264307,University of Sydney
Eucalyptus camaldulensis,149.844029,-30.264221,University of Sydney
Eucalyptus camaldulensis,149.845029,-30.264199,University of Sydney
Eucalyptus camaldulensis,149.84851,-30.25969,University of Sydney
Eucalyptus camaldulensis,149.8485,-30.25975,University of Sydney
Eucalyptus camaldulensis,149.84929,-30.25973,University of Sydney
Eucalyptus camaldulensis,149.84869,-30.25857,University of Sydney
Eucalyptus camaldulensis,149.8486,-30.25842,University of Sydney
Eucalyptus camaldulensis,149.84868,-30.25846,University of Sydney
Eucalyptus camaldulensis,149.84845,-30.2583,University of Sydney
Eucalyptus camaldulensis,149.84871,-30.25806,University of Sydney
Eucalyptus camaldulensis,149.84869,-30.25809,University of Sydney
Eucalyptus camaldulensis,149.84857,-30.258908,University of Sydney
Eucalyptus camaldulensis,149.84868,-30.25822,University of Sydney
Eucalyptus camaldulensis,149.84894,-30.25827,University of Sydney
Eucalyptus camaldulensis,149.84897,-30.25843,University of Sydney
Eucalyptus camaldulensis,149.84845,-30.25843,University of Sydney
Eucalyptus camaldulensis,149.84848,-30.25844,University of Sydney
Eucalyptus camaldulensis,149.8484,-30.25846,University of Sydney
Eucalyptus camaldulensis,149.84837,-30.25849,University of Sydney
Eucalyptus camaldulensis,149.84837,-30.25849,University of Sydney
Eucalyptus camaldulensis,149.84837,-30.25849,University of Sydney
Eucalyptus camaldulensis,149.84836,-30.25849,University of Sydney
Eucalyptus camaldulensis,149.84836,-30.25851,University of Sydney
Eucalyptus camaldulensis,149.84834,-30.2585,University of Sydney
Eucalyptus camaldulensis,149.84834,-30.2585,University of Sydney
Eucalyptus camaldulensis,149.84834,-30.25852,University of Sydney
Eucalyptus camaldulensis,149.84831,-30.25853,University of Sydney
Eucalyptus camaldulensis,149.8483,-30.25855,University of Sydney
Eucalyptus camaldulensis,149.84828,-30.25855,University of Sydney
Eucalyptus camaldulensis,149.84828,-30.25853,University of Sydney
Eucalyptus camaldulensis,149.84827,-30.25854,University of Sydney
Eucalyptus camaldulensis,149.84836,-30.2585,University of Sydney
Eucalyptus camaldulensis,149.84808,-30.25821,University of Sydney
Eucalyptus camaldulensis,149.84993,-30.26005,University of Sydney
Eucalyptus camaldulensis,149.84997,-30.26007,University of Sydney
Eucalyptus camaldulensis,149.85,-30.26008,University of Sydney
Eucalyptus camaldulensis,149.84999,-30.2601,University of Sydney
Eucalyptus camaldulensis,149.84999,-30.26011,University of Sydney
Eucalyptus camaldulensis,149.85,-30.26008,University of Sydney
Eucalyptus camaldulensis,149.85001,-30.26009,University of Sydney
Eucalyptus camaldulensis,149.85003,-30.26008,University of Sydney
Eucalyptus camaldulensis,149.85003,-30.26009,University of Sydney
Eucalyptus camaldulensis,149.85003,-30.2601,University of Sydney
Eucalyptus camaldulensis,149.85004,-30.26011,University of Sydney
Eucalyptus camaldulensis,149.8502,-30.26021,University of Sydney
Eucalyptus camaldulensis,149.85059,-30.26026,University of Sydney
Eucalyptus camaldulensis,149.8503,-30.25993,University of Sydney
Eucalyptus camaldulensis,149.85037,-30.26022,University of Sydney
Eucalyptus camaldulensis,149.85037,-30.26026,University of Sydney
Eucalyptus camaldulensis,149.85037,-30.26024,University of Sydney
Eucalyptus camaldulensis,149.85036,-30.26023,University of Sydney
Eucalyptus camaldulensis,149.85033,-30.26023,University of Sydney
Eucalyptus camaldulensis,149.8503,-30.26015,University of Sydney
Eucalyptus camaldulensis,149.85029,-30.26014,University of Sydney
Eucalyptus camaldulensis,149.85027,-30.26015,University of Sydney
Eucalyptus camaldulensis,149.85027,-30.26012,University of Sydney
Eucalyptus camaldulensis,149.85028,-30.26007,University of Sydney
Eucalyptus camaldulensis,149.85005,-30.25992,University of Sydney
Eucalyptus camaldulensis,149.85004,-30.25993,University of Sydney
Eucalyptus camaldulensis,149.84995,-30.25991,University of Sydney
Eucalyptus camaldulensis,149.85033,-30.2602,University of Sydney
Eucalyptus camaldulensis,149.84931,-30.25974,University of Sydney
Eucalyptus camaldulensis,149.84956,-30.25953,University of Sydney
Eucalyptus camaldulensis,149.84961,-30.25895,University of Sydney
Eucalyptus camaldulensis,149.84926,-30.25834,University of Sydney
Eucalyptus camaldulensis,149.84905,-30.2581,University of Sydney
Eucalyptus camaldulensis,149.84905,-30.25815,University of Sydney
Eucalyptus camaldulensis,149.84906,-30.25816,University of Sydney
Eucalyptus camaldulensis,149.84906,-30.25817,University of Sydney
Eucalyptus camaldulensis,149.84999,-30.2595,University of Sydney
Eucalyptus camaldulensis,149.85032,-30.26013,University of Sydney
Eucalyptus camaldulensis,149.85029,-30.26014,University of Sydney
Eucalyptus camaldulensis,149.87599,-30.28239,University of Sydney
Eucalyptus camaldulensis,149.87468,-30.28243,University of Sydney
Eucalyptus camaldulensis,149.87613,-30.2823,University of Sydney
Eucalyptus camaldulensis,149.87511,-30.28249,University of Sydney
Eucalyptus camaldulensis,149.87883,-30.28144,University of Sydney
Eucalyptus camaldulensis,149.87822,-30.28171,University of Sydney
Eucalyptus camaldulensis,149.87764,-30.28216,University of Sydney
Eucalyptus camaldulensis,149.87621,-30.28232,University of Sydney
Eucalyptus camaldulensis,149.87822,-30.28152,University of Sydney
Eucalyptus camaldulensis,149.87355,-30.28419,University of Sydney
Eucalyptus camaldulensis,149.87344,-30.28415,University of Sydney
Eucalyptus camaldulensis,149.87462,-30.28238,University of Sydney
Eucalyptus camaldulensis,149.87315,-30.28455,University of Sydney
Eucalyptus camaldulensis,149.87344,-30.28359,University of Sydney
Eucalyptus camaldulensis,149.87357,-30.28406,University of Sydney
Eucalyptus camaldulensis,149.87785,-30.28192,University of Sydney
Eucalyptus camaldulensis,149.87801,-30.28177,University of Sydney
Eucalyptus camaldulensis,149.8734,-30.28425,University of Sydney
Eucalyptus camaldulensis,149.87666,-30.2822,University of Sydney
Eucalyptus camaldulensis,149.87798,-30.28189,University of Sydney
Eucalyptus camaldulensis,149.87383,-30.28308,University of Sydney
Eucalyptus camaldulensis,149.87347,-30.28349,University of Sydney
Eucalyptus camaldulensis,149.87332,-30.2845,University of Sydney
Eucalyptus camaldulensis,149.8732,-30.28438,University of Sydney
Eucalyptus camaldulensis,149.8783,-30.28156,University of Sydney
Eucalyptus camaldulensis,149.87462,-30.28313,University of Sydney
Eucalyptus camaldulensis,149.8736,-30.28338,University of Sydney
Eucalyptus camaldulensis,149.87857,-30.28145,University of Sydney
Eucalyptus camaldulensis,149.87366,-30.28322,University of Sydney
Eucalyptus camaldulensis,149.88071,-30.28217,University of Sydney
Eucalyptus camaldulensis,149.87387,-30.28303,University of Sydney
Eucalyptus camaldulensis,149.87865,-30.28141,University of Sydney
Eucalyptus camaldulensis,149.87823,-30.28169,University of Sydney
Callistemon salignus,151.187819,-33.885351,University of Sydney
Callistemon salignus,151.19173,-33.890503,University of Sydney
Callistemon salignus,151.192782,-33.891024,University of Sydney
Callistemon salignus,151.192819,-33.891037,University of Sydney
Callistemon salignus,150.645855,-34.053916,University of Sydney
Callistemon salignus,150.645829,-34.053866,University of Sydney
Callistemon salignus,150.650249,-34.055765,University of Sydney
Callistemon salignus,150.66624,-34.018102,University of Sydney
Callistemon salignus,150.667348,-34.017655,University of Sydney
Callistemon salignus,150.667297,-34.017657,University of Sydney
Callistemon salignus,150.656291,-34.035074,University of Sydney
Callistemon salignus,150.656513,-34.034449,University of Sydney
Callistemon salignus,150.656398,-34.034427,University of Sydney
Callistemon salignus,150.656458,-34.034393,University of Sydney
Callistemon salignus,150.656492,-34.0343,University of Sydney
Callistemon salignus,150.65814,-34.03053,University of Sydney
Callistemon salignus,151.047656,-33.881636,University of Sydney
Callistemon salignus,150.712745,-33.76122,University of Sydney
Callistemon salignus,150.667244,-34.017666,University of Sydney
Eucalyptus elata,151.190588,-33.886057,University of Sydney
Eucalyptus elata,151.161843,-33.864771,University of Sydney
Eucalyptus elata,151.161979,-33.865189,University of Sydney
Eucalyptus nicholii,151.192519,-33.889303,University of Sydney
Eucalyptus nicholii,150.655013,-34.031656,University of Sydney
Eucalyptus nicholii,150.65558,-34.032111,University of Sydney
Eucalyptus nicholii,150.655643,-34.032223,University of Sydney
Eucalyptus nicholii,151.049175,-33.8823,University of Sydney
Eucalyptus nicholii,151.192521,-33.889314,University of Sydney
Melaleuca bracteata,151.183731,-33.886488,University of Sydney
Melaleuca bracteata,151.183543,-33.886515,University of Sydney
Melaleuca bracteata,151.185854,-33.890838,University of Sydney
Melaleuca bracteata,151.185763,-33.8905,University of Sydney
Melaleuca bracteata,151.194614,-33.889962,University of Sydney
Melaleuca bracteata,151.194584,-33.889999,University of Sydney
Melaleuca bracteata,151.194548,-33.890026,University of Sydney
Melaleuca bracteata,151.194519,-33.89004,University of Sydney
Melaleuca bracteata,151.163445,-33.867207,University of Sydney
Melaleuca bracteata,151.16348,-33.867186,University of Sydney
Melaleuca bracteata,150.655935,-34.036376,University of Sydney
Melaleuca bracteata,150.656142,-34.034445,University of Sydney
Melaleuca bracteata,150.654812,-34.035186,University of Sydney
Melaleuca bracteata,150.656014,-34.035349,University of Sydney
Melaleuca bracteata,150.656393,-34.035646,University of Sydney
Melaleuca bracteata,150.656404,-34.034872,University of Sydney
Melaleuca bracteata,150.656547,-34.034776,University of Sydney
Melaleuca bracteata,150.65673,-34.034842,University of Sydney
Melaleuca bracteata,150.656735,-34.03477,University of Sydney
Melaleuca bracteata,150.656826,-34.034786,University of Sydney
Melaleuca bracteata,150.656416,-34.034546,University of Sydney
Melaleuca bracteata,150.656545,-34.034363,University of Sydney
Melaleuca bracteata,150.656577,-34.0343,University of Sydney
Melaleuca bracteata,150.65689,-34.033811,University of Sydney
Melaleuca bracteata,150.656202,-34.035251,University of Sydney
Melaleuca bracteata,150.656206,-34.035092,University of Sydney
Melaleuca bracteata,150.656314,-34.035048,University of Sydney
Melaleuca bracteata,150.656473,-34.034908,University of Sydney
Melaleuca bracteata,151.048446,-33.883026,University of Sydney
Melaleuca bracteata,151.04891,-33.88129,University of Sydney
Melaleuca bracteata,151.048097,-33.881306,University of Sydney
Melaleuca bracteata,151.047532,-33.881457,University of Sydney
Melaleuca bracteata,151.047732,-33.881638,University of Sydney
Melaleuca bracteata,151.047887,-33.882686,University of Sydney
Melaleuca bracteata,151.047927,-33.882733,University of Sydney
Melaleuca bracteata,151.050173,-33.883162,University of Sydney
Melaleuca bracteata,151.050085,-33.883094,University of Sydney
Melaleuca bracteata,151.050036,-33.883048,University of Sydney
Melaleuca bracteata,151.049975,-33.883005,University of Sydney
Melaleuca bracteata,151.049936,-33.88298,University of Sydney
Melaleuca bracteata,151.049882,-33.882952,University of Sydney
Melaleuca bracteata,151.049858,-33.882936,University of Sydney
Melaleuca bracteata,151.049849,-33.882911,University of Sydney
Melaleuca bracteata,151.049963,-33.882914,University of Sydney
Melaleuca bracteata,151.050013,-33.882958,University of Sydney
Melaleuca bracteata,151.050116,-33.883027,University of Sydney
Melaleuca bracteata,151.05018,-33.883078,University of Sydney
Melaleuca bracteata,151.050247,-33.88313,University of Sydney
Melaleuca bracteata,151.050281,-33.883159,University of Sydney
Melaleuca bracteata,151.050307,-33.883183,University of Sydney
Melaleuca bracteata,151.049864,-33.882818,University of Sydney
Melaleuca bracteata,151.049875,-33.882839,University of Sydney
Melaleuca bracteata,151.049893,-33.88286,University of Sydney
Melaleuca bracteata,151.048161,-33.882904,University of Sydney
Melaleuca bracteata,151.048281,-33.882638,University of Sydney
Melaleuca bracteata,151.048246,-33.882561,University of Sydney
Melaleuca bracteata,151.04879,-33.881371,University of Sydney
Melaleuca bracteata,151.048417,-33.881227,University of Sydney
Melaleuca bracteata,151.04804,-33.883058,University of Sydney
Melaleuca bracteata,151.048039,-33.883113,University of Sydney
Melaleuca bracteata,151.048038,-33.883153,University of Sydney
Melaleuca bracteata,149.87701,-30.28214,University of Sydney
Melaleuca bracteata,149.87703,-30.28213,University of Sydney
Melaleuca bracteata,149.87691,-30.28217,University of Sydney
Melaleuca bracteata,149.87691,-30.28219,University of Sydney
Melaleuca bracteata,149.87692,-30.28218,University of Sydney
Melaleuca bracteata,149.87746,-30.28226,University of Sydney
Melaleuca bracteata,149.87744,-30.28226,University of Sydney
Melaleuca bracteata,149.87744,-30.28224,University of Sydney
Melaleuca bracteata,149.87746,-30.28225,University of Sydney
Melaleuca bracteata,149.87747,-30.28224,University of Sydney
Melaleuca bracteata,149.87714,-30.2821,University of Sydney
Melaleuca bracteata,149.87715,-30.28209,University of Sydney
Melaleuca bracteata,149.87712,-30.2821,University of Sydney
Melaleuca bracteata,149.87712,-30.2821,University of Sydney
Melaleuca bracteata,149.87714,-30.28213,University of Sydney
Melaleuca bracteata,149.87718,-30.28212,University of Sydney
Melaleuca bracteata,149.87721,-30.28213,University of Sydney
Melaleuca bracteata,149.87723,-30.28213,University of Sydney
Melaleuca bracteata,149.8773,-30.28215,University of Sydney
Melaleuca bracteata,149.8773,-30.28214,University of Sydney
Melaleuca bracteata,149.8773,-30.28216,University of Sydney
Melaleuca bracteata,149.87732,-30.28217,University of Sydney
Melaleuca bracteata,149.87732,-30.28216,University of Sydney
Melaleuca bracteata,149.87733,-30.28216,University of Sydney
Melaleuca bracteata,149.87735,-30.28215,University of Sydney
Melaleuca bracteata,149.87735,-30.28214,University of Sydney
Melaleuca bracteata,149.87709,-30.28217,University of Sydney
Melaleuca bracteata,149.87799,-30.28191,University of Sydney
Melaleuca bracteata,149.87741,-30.28225,University of Sydney
Melaleuca bracteata,149.8774,-30.28226,University of Sydney
Melaleuca bracteata,149.87717,-30.28209,University of Sydney
Melaleuca bracteata,149.87859,-30.28145,University of Sydney
Melaleuca bracteata,149.87822,-30.28155,University of Sydney
Melaleuca bracteata,149.87711,-30.28217,University of Sydney
Melaleuca bracteata,149.87708,-30.28208,University of Sydney
Angophora costata,151.184403,-33.887464,University of Sydney
Angophora costata,151.191625,-33.890738,University of Sydney
Angophora costata,151.192824,-33.890034,University of Sydney
Angophora costata,151.161964,-33.865428,University of Sydney
Angophora costata,151.185157,-33.888737,University of Sydney
Angophora costata,151.185166,-33.888827,University of Sydney
Angophora costata,151.185333,-33.888903,University of Sydney
Angophora costata,151.185349,-33.888972,University of Sydney
Angophora costata,151.1852,-33.889004,University of Sydney
Angophora costata,151.185172,-33.888914,University of Sydney
Angophora costata,151.1922,-33.889379,University of Sydney
Angophora costata,151.192305,-33.889392,University of Sydney
Backhousia citriodora,151.188752,-33.888072,University of Sydney
Backhousia citriodora,151.18765,-33.885235,University of Sydney
Backhousia citriodora,151.187646,-33.88519,University of Sydney
Backhousia citriodora,151.187652,-33.885148,University of Sydney
Backhousia citriodora,151.194295,-33.888523,University of Sydney
Backhousia citriodora,151.05041,-33.883604,University of Sydney
Backhousia citriodora,151.050445,-33.883636,University of Sydney
Backhousia citriodora,151.050476,-33.883673,University of Sydney
Backhousia citriodora,151.049447,-33.882219,University of Sydney
Backhousia citriodora,151.048106,-33.883366,University of Sydney
Backhousia citriodora,151.048056,-33.883322,University of Sydney
Backhousia citriodora,151.048121,-33.882218,University of Sydney
Backhousia citriodora,151.048132,-33.882172,University of Sydney
Backhousia citriodora,151.048123,-33.882123,University of Sydney
Backhousia citriodora,151.047538,-33.882003,University of Sydney
Backhousia citriodora,151.184611,-33.887266,University of Sydney
Backhousia citriodora,151.183043,-33.888077,University of Sydney
Backhousia citriodora,151.1829,-33.887892,University of Sydney
Backhousia citriodora,151.184827,-33.889232,University of Sydney
Backhousia citriodora,151.184459,-33.889377,University of Sydney
Backhousia citriodora,151.193507,-33.889125,University of Sydney
Backhousia citriodora,151.193482,-33.889069,University of Sydney
Backhousia citriodora,151.193456,-33.889117,University of Sydney
Backhousia citriodora,151.193429,-33.889084,University of Sydney
Backhousia citriodora,151.193684,-33.889057,University of Sydney
Backhousia citriodora,151.193293,-33.888992,University of Sydney
Backhousia citriodora,151.193338,-33.889012,University of Sydney
Backhousia citriodora,151.193272,-33.889037,University of Sydney
Backhousia citriodora,151.19317,-33.889037,University of Sydney
Backhousia citriodora,151.193151,-33.889017,University of Sydney
Backhousia citriodora,151.193272,-33.888975,University of Sydney
Backhousia citriodora,151.194324,-33.88852,University of Sydney
Corymbia gummifera,151.192784,-33.891287,University of Sydney
Eucalyptus globulus,150.655895,-34.035525,University of Sydney
Corymbia maculata,151.191004,-33.886139,University of Sydney
Corymbia maculata,151.187647,-33.886445,University of Sydney
Corymbia maculata,151.187789,-33.886447,University of Sydney
Corymbia maculata,151.186016,-33.887645,University of Sydney
Corymbia maculata,151.186014,-33.887737,University of Sydney
Corymbia maculata,151.186019,-33.887822,University of Sydney
Corymbia maculata,151.183769,-33.886673,University of Sydney
Corymbia maculata,151.190828,-33.886704,University of Sydney
Corymbia maculata,151.183489,-33.886816,University of Sydney
Corymbia maculata,151.189832,-33.891328,University of Sydney
Corymbia maculata,151.19358,-33.890561,University of Sydney
Corymbia maculata,151.194125,-33.888482,University of Sydney
Corymbia maculata,151.194163,-33.88849,University of Sydney
Corymbia maculata,151.194221,-33.8885,University of Sydney
Corymbia maculata,151.194259,-33.888513,University of Sydney
Corymbia maculata,151.193479,-33.891379,University of Sydney
Corymbia maculata,151.193483,-33.891359,University of Sydney
Corymbia maculata,151.193355,-33.891357,University of Sydney
Corymbia maculata,151.192737,-33.891127,University of Sydney
Corymbia maculata,151.192736,-33.891164,University of Sydney
Corymbia maculata,151.192757,-33.891193,University of Sydney
Corymbia maculata,151.192762,-33.891224,University of Sydney
Corymbia maculata,151.192847,-33.891366,University of Sydney
Corymbia maculata,151.19278,-33.891177,University of Sydney
Corymbia maculata,151.1623,-33.863975,University of Sydney
Corymbia maculata,151.162265,-33.863982,University of Sydney
Corymbia maculata,151.161993,-33.865336,University of Sydney
Corymbia maculata,151.161841,-33.865218,University of Sydney
Corymbia maculata,151.16182,-33.865364,University of Sydney
Corymbia maculata,151.161863,-33.865424,University of Sydney
Corymbia maculata,150.655128,-34.036558,University of Sydney
Corymbia maculata,150.655089,-34.036529,University of Sydney
Corymbia maculata,150.655132,-34.036511,University of Sydney
Corymbia maculata,150.655177,-34.036485,University of Sydney
Corymbia maculata,150.655229,-34.036457,University of Sydney
Corymbia maculata,150.654589,-34.036395,University of Sydney
Corymbia maculata,150.654926,-34.036327,University of Sydney
Corymbia maculata,150.654946,-34.03619,University of Sydney
Corymbia maculata,150.657245,-34.032095,University of Sydney
Corymbia maculata,150.65717,-34.032083,University of Sydney
Corymbia maculata,150.657107,-34.03207,University of Sydney
Corymbia maculata,150.657044,-34.032049,University of Sydney
Corymbia maculata,150.656979,-34.032045,University of Sydney
Corymbia maculata,150.65692,-34.03204,University of Sydney
Corymbia maculata,150.656857,-34.032024,University of Sydney
Corymbia maculata,150.6568,-34.032021,University of Sydney
Corymbia maculata,150.656735,-34.032004,University of Sydney
Corymbia maculata,150.656668,-34.032006,University of Sydney
Corymbia maculata,150.65762,-34.031072,University of Sydney
Corymbia maculata,150.657639,-34.031016,University of Sydney
Corymbia maculata,150.657656,-34.030962,University of Sydney
Corymbia maculata,150.657617,-34.031388,University of Sydney
Corymbia maculata,150.657527,-34.031585,University of Sydney
Corymbia maculata,150.657505,-34.03174,University of Sydney
Corymbia maculata,150.657503,-34.031811,University of Sydney
Corymbia maculata,150.657487,-34.031864,University of Sydney
Corymbia maculata,150.657478,-34.031917,University of Sydney
Corymbia maculata,150.657476,-34.032055,University of Sydney
Corymbia maculata,150.65746,-34.032092,University of Sydney
Corymbia maculata,150.657457,-34.032121,University of Sydney
Corymbia maculata,150.657449,-34.032158,University of Sydney
Corymbia maculata,150.658052,-34.030582,University of Sydney
Corymbia maculata,150.658055,-34.030539,University of Sydney
Corymbia maculata,150.658045,-34.030493,University of Sydney
Corymbia maculata,150.658084,-34.030457,University of Sydney
Corymbia maculata,150.658135,-34.030481,University of Sydney
Corymbia maculata,150.658249,-34.030044,University of Sydney
Corymbia maculata,150.658295,-34.030001,University of Sydney
Corymbia maculata,150.658269,-34.029987,University of Sydney
Corymbia maculata,150.658217,-34.02999,University of Sydney
Corymbia maculata,150.658157,-34.030003,University of Sydney
Corymbia maculata,150.658173,-34.029971,University of Sydney
Corymbia maculata,150.658224,-34.0299,University of Sydney
Corymbia maculata,150.658228,-34.029802,University of Sydney
Corymbia maculata,150.658284,-34.029805,University of Sydney
Corymbia maculata,150.658388,-34.029956,University of Sydney
Corymbia maculata,150.658322,-34.029885,University of Sydney
Corymbia maculata,150.658386,-34.02989,University of Sydney
Corymbia maculata,150.658382,-34.029841,University of Sydney
Corymbia maculata,150.658432,-34.02984,University of Sydney
Corymbia maculata,150.658441,-34.029895,University of Sydney
Corymbia maculata,150.658474,-34.029864,University of Sydney
Corymbia maculata,150.65847,-34.029967,University of Sydney
Corymbia maculata,150.658542,-34.029902,University of Sydney
Corymbia maculata,150.658593,-34.029996,University of Sydney
Corymbia maculata,150.65865,-34.030025,University of Sydney
Corymbia maculata,150.65867,-34.029984,University of Sydney
Corymbia maculata,150.658741,-34.030008,University of Sydney
Corymbia maculata,150.658737,-34.030068,University of Sydney
Corymbia maculata,150.658883,-34.030145,University of Sydney
Corymbia maculata,150.658918,-34.0301,University of Sydney
Corymbia maculata,150.658437,-34.035648,University of Sydney
Corymbia maculata,150.658449,-34.035542,University of Sydney
Corymbia maculata,150.658478,-34.035432,University of Sydney
Corymbia maculata,150.658501,-34.035333,University of Sydney
Corymbia maculata,150.712379,-33.761262,University of Sydney
Corymbia maculata,150.712656,-33.761176,University of Sydney
Corymbia maculata,150.712747,-33.761188,University of Sydney
Corymbia maculata,150.712615,-33.761579,University of Sydney
Corymbia maculata,151.048163,-33.882642,University of Sydney
Corymbia maculata,151.048043,-33.882474,University of Sydney
Corymbia maculata,151.04807,-33.882448,University of Sydney
Corymbia maculata,151.049298,-33.881726,University of Sydney
Corymbia maculata,151.049309,-33.881772,University of Sydney
Corymbia maculata,151.049358,-33.881843,University of Sydney
Corymbia maculata,151.049372,-33.881874,University of Sydney
Corymbia maculata,151.049438,-33.881857,University of Sydney
Corymbia maculata,151.049546,-33.880442,University of Sydney
Corymbia maculata,147.602759,-33.778071,University of Sydney
Corymbia maculata,150.655399,-34.036386,University of Sydney
Corymbia maculata,151.048743,-33.881003,University of Sydney
Corymbia ficifolia,151.182703,-33.886016,University of Sydney
Corymbia ficifolia,151.188616,-33.887109,University of Sydney
Corymbia ficifolia,151.183612,-33.887079,University of Sydney
Corymbia ficifolia,151.183567,-33.887136,University of Sydney
Corymbia ficifolia,151.183494,-33.887173,University of Sydney
Corymbia ficifolia,151.183616,-33.886976,University of Sydney
Corymbia ficifolia,151.049691,-33.883029,University of Sydney
Corymbia ficifolia,151.188609,-33.887112,University of Sydney
Corymbia ficifolia,147.602411,-33.783602,University of Sydney
Corymbia ficifolia,147.602451,-33.782973,University of Sydney
Corymbia ficifolia,151.182695,-33.885982,University of Sydney
Callistemon sp.,151.193402,-33.891326,University of Sydney
Callistemon sp.,151.193381,-33.891319,University of Sydney
Callistemon sp.,151.193362,-33.891318,University of Sydney
Callistemon sp.,151.193343,-33.891314,University of Sydney
Callistemon sp.,151.193317,-33.891305,University of Sydney
Callistemon sp.,151.193283,-33.891298,University of Sydney
Callistemon sp.,151.193253,-33.891291,University of Sydney
Callistemon sp.,151.193226,-33.891284,University of Sydney
Callistemon sp.,151.193193,-33.891276,University of Sydney
Callistemon sp.,151.193159,-33.891265,University of Sydney
Callistemon sp.,151.19312,-33.89125,University of Sydney
Callistemon sp.,151.19309,-33.891242,University of Sydney
Callistemon sp.,151.193062,-33.891232,University of Sydney
Callistemon sp.,151.193038,-33.891227,University of Sydney
Callistemon sp.,151.193011,-33.891219,University of Sydney
Callistemon sp.,151.192984,-33.891209,University of Sydney
Callistemon sp.,151.192957,-33.891202,University of Sydney
Callistemon sp.,151.19293,-33.891193,University of Sydney
Callistemon sp.,151.1929,-33.891182,University of Sydney
Callistemon sp.,151.19288,-33.891175,University of Sydney
Callistemon sp.,151.192864,-33.89117,University of Sydney
Callistemon sp.,151.192814,-33.891143,University of Sydney
Callistemon sp.,151.192858,-33.891052,University of Sydney
Callistemon sp.,150.666085,-34.018262,University of Sydney
Callistemon sp.,150.658182,-34.030416,University of Sydney
Callistemon sp.,150.658125,-34.030612,University of Sydney
Callistemon sp.,150.655605,-34.034459,University of Sydney
Callistemon sp.,150.655657,-34.03447,University of Sydney
Callistemon sp.,150.656213,-34.035197,University of Sydney
Callistemon sp.,151.049486,-33.882262,University of Sydney
Callistemon sp.,151.048343,-33.882991,University of Sydney
Callistemon citrinus,151.188692,-33.887542,University of Sydney
Callistemon citrinus,151.19047,-33.89111,University of Sydney
Callistemon citrinus,151.161729,-33.865576,University of Sydney
Callistemon citrinus,151.16172,-33.865662,University of Sydney
Callistemon citrinus,151.161709,-33.865823,University of Sydney
Callistemon citrinus,151.161696,-33.865915,University of Sydney
Callistemon citrinus,151.161684,-33.865984,University of Sydney
Callistemon citrinus,150.655899,-34.03639,University of Sydney
Callistemon citrinus,150.655977,-34.036359,University of Sydney
Callistemon citrinus,150.655743,-34.036308,University of Sydney
Callistemon citrinus,150.655899,-34.03639,University of Sydney
Callistemon citrinus,150.655977,-34.036359,University of Sydney
Callistemon citrinus,150.655743,-34.036308,University of Sydney
Callistemon citrinus,150.655899,-34.03639,University of Sydney
Callistemon citrinus,150.655977,-34.036359,University of Sydney
Callistemon citrinus,150.655743,-34.036308,University of Sydney
Callistemon citrinus,151.049784,-33.883339,University of Sydney
Callistemon citrinus,151.04911,-33.883305,University of Sydney
Callistemon citrinus,151.048669,-33.883142,University of Sydney
Callistemon citrinus,151.04916,-33.880914,University of Sydney
Callistemon citrinus,151.04773,-33.881468,University of Sydney
Callistemon citrinus,150.65592,-34.036572,University of Sydney
Plumeria acuminata,151.18921,-33.891296,University of Sydney
Plumeria acuminata,151.191032,-33.891511,University of Sydney
Plumeria acuminata,151.190662,-33.891631,University of Sydney
Plumeria acuminata,151.190938,-33.891547,University of Sydney
Plumeria acuminata,151.190824,-33.891585,University of Sydney
Plumeria acuminata,151.1906,-33.891654,University of Sydney
Plumeria acuminata,151.190518,-33.891684,University of Sydney
Plumeria acuminata,151.162983,-33.867204,University of Sydney
Plumeria acuminata,151.162995,-33.867087,University of Sydney
Plumeria acuminata,151.163085,-33.864621,University of Sydney
Plumeria acuminata,151.214078,-33.863264,University of Sydney
Strelitzia nicolai,151.186459,-33.885487,University of Sydney
Strelitzia nicolai,151.186222,-33.885466,University of Sydney
Strelitzia nicolai,151.186024,-33.887063,University of Sydney
Quercus ilex,151.190083,-33.885172,University of Sydney
Quercus ilex,151.191062,-33.885061,University of Sydney
Quercus ilex,151.190947,-33.885088,University of Sydney
Quercus ilex,151.186356,-33.885121,University of Sydney
Quercus robur,151.189079,-33.886664,University of Sydney
Albizia lebbeck,151.192348,-33.890494,University of Sydney
Albizia lebbeck,151.192429,-33.890455,University of Sydney
Albizia lebbeck,151.192477,-33.890161,University of Sydney
Castanospermum australe,151.188633,-33.884945,University of Sydney
Castanospermum australe,151.186398,-33.88595,University of Sydney
Acacia sp.,151.050246,-33.881927,University of Sydney
Acacia sp.,151.050345,-33.882103,University of Sydney
Acacia sp.,151.050736,-33.882749,University of Sydney
Acacia sp.,151.048478,-33.883199,University of Sydney
Acacia sp.,151.048709,-33.880605,University of Sydney
Acacia sp.,151.048516,-33.880368,University of Sydney
Acacia sp.,151.29881,-33.547707,University of Sydney
Acacia sp.,151.298888,-33.548199,University of Sydney
Acacia sp.,151.299267,-33.549492,University of Sydney
Robinia pseudoacacia,150.66666,-34.018004,University of Sydney
Robinia pseudoacacia,150.666734,-34.017975,University of Sydney
Robinia pseudoacacia,150.666817,-34.017966,University of Sydney
Robinia pseudoacacia,150.666902,-34.017959,University of Sydney
Robinia pseudoacacia,150.666991,-34.017965,University of Sydney
Robinia pseudoacacia,150.655653,-34.036315,University of Sydney
Robinia pseudoacacia,150.655939,-34.036045,University of Sydney
Robinia pseudoacacia,151.186494,-33.885986,University of Sydney
Gleditsia triacanthos,151.185777,-33.886524,University of Sydney
Gleditsia triacanthos,151.183638,-33.887744,University of Sydney
Gleditsia triacanthos,151.190513,-33.889397,University of Sydney
Gleditsia triacanthos,151.190559,-33.889367,University of Sydney
Calliandra tweedii,151.188674,-33.887601,University of Sydney
Cycas media,151.189,-33.884972,University of Sydney
Lagunaria patersonia,151.163525,-33.864344,University of Sydney
Lagunaria patersonia,151.161945,-33.864636,University of Sydney
Lagunaria patersonia,151.161967,-33.866177,University of Sydney
Lagunaria patersonia,151.161967,-33.866177,University of Sydney
Lagunaria patersonia,151.049016,-33.881356,University of Sydney
Lagunaria patersonia,151.049031,-33.881391,University of Sydney
Lagunaria patersonia,151.047251,-33.88231,University of Sydney
Brachychiton acerifolius,151.189157,-33.884997,University of Sydney
Brachychiton acerifolius,151.188831,-33.884947,University of Sydney
Brachychiton acerifolius,151.188294,-33.885726,University of Sydney
Brachychiton acerifolius,151.186778,-33.885884,University of Sydney
Brachychiton acerifolius,151.186762,-33.886761,University of Sydney
Brachychiton acerifolius,151.186802,-33.886795,University of Sydney
Brachychiton acerifolius,151.186786,-33.886872,University of Sydney
Brachychiton acerifolius,151.186814,-33.886913,University of Sydney
Brachychiton acerifolius,151.18841,-33.887688,University of Sydney
Brachychiton acerifolius,151.189096,-33.888036,University of Sydney
Brachychiton acerifolius,151.189245,-33.887916,University of Sydney
Brachychiton acerifolius,151.189245,-33.887984,University of Sydney
Brachychiton acerifolius,151.189385,-33.888022,University of Sydney
Brachychiton acerifolius,151.189753,-33.88759,University of Sydney
Brachychiton acerifolius,151.189815,-33.887757,University of Sydney
Brachychiton acerifolius,151.188796,-33.888478,University of Sydney
Brachychiton acerifolius,151.18879,-33.888407,University of Sydney
Brachychiton acerifolius,151.188775,-33.88834,University of Sydney
Brachychiton acerifolius,151.188778,-33.888285,University of Sydney
Brachychiton acerifolius,151.184504,-33.887369,University of Sydney
Brachychiton acerifolius,151.185951,-33.887759,University of Sydney
Brachychiton acerifolius,151.185929,-33.888058,University of Sydney
Brachychiton acerifolius,151.185622,-33.891559,University of Sydney
Brachychiton acerifolius,151.186794,-33.886186,University of Sydney
Brachychiton acerifolius,151.189254,-33.888043,University of Sydney
Brachychiton acerifolius,151.189371,-33.88791,University of Sydney
Brachychiton acerifolius,151.186865,-33.88694,University of Sydney
Brachychiton acerifolius,151.183356,-33.887246,University of Sydney
Brachychiton acerifolius,151.183377,-33.887952,University of Sydney
Brachychiton acerifolius,151.183674,-33.887914,University of Sydney
Brachychiton acerifolius,151.186804,-33.886232,University of Sydney
Brachychiton acerifolius,151.188666,-33.88621,University of Sydney
Brachychiton acerifolius,151.185186,-33.885448,University of Sydney
Brachychiton acerifolius,151.185187,-33.885494,University of Sydney
Brachychiton acerifolius,151.185188,-33.885539,University of Sydney
Brachychiton acerifolius,151.185187,-33.885581,University of Sydney
Brachychiton acerifolius,151.185193,-33.885627,University of Sydney
Brachychiton acerifolius,151.18514,-33.885632,University of Sydney
Brachychiton acerifolius,151.185137,-33.885589,University of Sydney
Brachychiton acerifolius,151.185132,-33.885545,University of Sydney
Brachychiton acerifolius,151.185122,-33.885502,University of Sydney
Brachychiton acerifolius,151.185113,-33.885457,University of Sydney
Brachychiton acerifolius,151.185092,-33.885393,University of Sydney
Brachychiton acerifolius,151.185081,-33.885354,University of Sydney
Brachychiton acerifolius,151.185072,-33.885315,University of Sydney
Brachychiton acerifolius,151.185065,-33.885275,University of Sydney
Brachychiton acerifolius,151.185057,-33.885237,University of Sydney
Brachychiton acerifolius,151.191261,-33.890676,University of Sydney
Brachychiton acerifolius,151.190449,-33.889752,University of Sydney
Brachychiton acerifolius,151.190406,-33.889708,University of Sydney
Brachychiton acerifolius,151.193514,-33.890265,University of Sydney
Brachychiton acerifolius,151.193612,-33.890292,University of Sydney
Brachychiton acerifolius,151.1937,-33.890319,University of Sydney
Brachychiton acerifolius,151.190199,-33.89186,University of Sydney
Brachychiton acerifolius,151.190187,-33.891836,University of Sydney
Brachychiton acerifolius,151.190174,-33.891823,University of Sydney
Brachychiton acerifolius,151.192468,-33.890183,University of Sydney
Brachychiton acerifolius,151.162755,-33.864326,University of Sydney
Brachychiton acerifolius,151.161666,-33.864694,University of Sydney
Brachychiton acerifolius,151.050093,-33.881763,University of Sydney
Brachychiton acerifolius,151.050046,-33.881802,University of Sydney
Brachychiton acerifolius,151.050002,-33.881838,University of Sydney
Brachychiton acerifolius,151.049914,-33.8819,University of Sydney
Brachychiton acerifolius,151.049876,-33.881936,University of Sydney
Brachychiton acerifolius,151.049831,-33.88198,University of Sydney
Brachychiton acerifolius,151.050257,-33.881883,University of Sydney
Brachychiton acerifolius,150.656278,-34.034808,University of Sydney
Brachychiton acerifolius,150.656477,-34.034777,University of Sydney
Brachychiton acerifolius,150.657035,-34.033981,University of Sydney
Brachychiton acerifolius,150.657014,-34.032836,University of Sydney
Brachychiton acerifolius,150.657026,-34.032784,University of Sydney
Brachychiton acerifolius,150.657037,-34.032749,University of Sydney
Brachychiton acerifolius,150.657066,-34.032541,University of Sydney
Brachychiton acerifolius,150.657079,-34.0325,University of Sydney
Brachychiton acerifolius,150.657024,-34.032432,University of Sydney
Brachychiton acerifolius,150.657042,-34.032375,University of Sydney
Brachychiton acerifolius,150.657078,-34.032228,University of Sydney
Brachychiton acerifolius,150.657086,-34.032179,University of Sydney
Brachychiton acerifolius,150.657099,-34.032135,University of Sydney
Brachychiton acerifolius,150.65739,-34.026201,University of Sydney
Brachychiton acerifolius,151.050239,-33.883479,University of Sydney
Brachychiton acerifolius,151.05033,-33.883514,University of Sydney
Brachychiton acerifolius,151.048773,-33.882539,University of Sydney
Brachychiton acerifolius,151.048789,-33.882658,University of Sydney
Brachychiton acerifolius,151.048422,-33.883013,University of Sydney
Brachychiton acerifolius,151.048489,-33.881688,University of Sydney
Brachychiton acerifolius,151.047949,-33.881236,University of Sydney
Brachychiton acerifolius,151.047943,-33.881539,University of Sydney
Brachychiton acerifolius,151.047868,-33.881514,University of Sydney
Brachychiton acerifolius,151.047607,-33.881668,University of Sydney
Brachychiton acerifolius,151.04781,-33.882588,University of Sydney
Brachychiton acerifolius,151.299048,-33.549234,University of Sydney
Brachychiton acerifolius,151.299136,-33.548989,University of Sydney
Brachychiton acerifolius,151.29869,-33.549235,University of Sydney
Brachychiton acerifolius,151.298623,-33.549188,University of Sydney
Brachychiton acerifolius,147.602683,-33.77928,University of Sydney
Brachychiton acerifolius,147.602646,-33.779875,University of Sydney
Brachychiton acerifolius,150.667438,-34.017657,University of Sydney
Brachychiton acerifolius,151.050154,-33.883061,University of Sydney
Brachychiton acerifolius,151.05019,-33.883091,University of Sydney
Brachychiton acerifolius,151.048468,-33.883331,University of Sydney
Brachychiton rupestris,151.184134,-33.886964,University of Sydney
Brachychiton rupestris,151.192619,-33.889615,University of Sydney
Brachychiton rupestris,151.191814,-33.890569,University of Sydney
Brachychiton rupestris,151.191601,-33.89031,University of Sydney
Brachychiton rupestris,151.188844,-33.887561,University of Sydney
Brachychiton rupestris,151.189858,-33.892498,University of Sydney
Brachychiton rupestris,151.18988,-33.892546,University of Sydney
Brachychiton populneus,150.658598,-34.035538,University of Sydney
Brachychiton populneus,150.658633,-34.035416,University of Sydney
Toona australis,151.18861,-33.884933,University of Sydney
Toona australis,151.189116,-33.884995,University of Sydney
Toona sinensis,151.189244,-33.885022,University of Sydney
Melia azedarach,151.186016,-33.887714,University of Sydney
Melia azedarach,151.185535,-33.887118,University of Sydney
Melia azedarach,151.185522,-33.887077,University of Sydney
Melia azedarach,151.192383,-33.890088,University of Sydney
Melia azedarach,150.654622,-34.035267,University of Sydney
Melia azedarach,151.051147,-33.883736,University of Sydney
Melia azedarach,150.667553,-34.016843,University of Sydney
Melia azedarach,151.181309,-33.885885,University of Sydney
Calodendrum capense,151.188405,-33.88773,University of Sydney
Calodendrum capense,151.161813,-33.865483,University of Sydney
Murraya paniculata,151.188279,-33.885648,University of Sydney
Murraya paniculata,151.185736,-33.886136,University of Sydney
Murraya paniculata,151.192845,-33.8913,University of Sydney
Murraya paniculata,151.047349,-33.881405,University of Sydney
Flindersia australis,151.190053,-33.888706,University of Sydney
Flindersia australis,151.190033,-33.888556,University of Sydney
Flindersia australis,151.190017,-33.888444,University of Sydney
Flindersia australis,151.190002,-33.88834,University of Sydney
Flindersia australis,151.189994,-33.888271,University of Sydney
Flindersia australis,151.189973,-33.888141,University of Sydney
Flindersia australis,151.189926,-33.887935,University of Sydney
Flindersia australis,151.189913,-33.887827,University of Sydney
Flindersia australis,151.189893,-33.887716,University of Sydney
Flindersia australis,151.189879,-33.887611,University of Sydney
Flindersia australis,151.189867,-33.887535,University of Sydney
Flindersia australis,151.189848,-33.887448,University of Sydney
Flindersia australis,151.189777,-33.886937,University of Sydney
Flindersia australis,151.189763,-33.886872,University of Sydney
Flindersia australis,151.189756,-33.886805,University of Sydney
Flindersia australis,151.189908,-33.886797,University of Sydney
Flindersia australis,151.189925,-33.886856,University of Sydney
Flindersia australis,151.18993,-33.886922,University of Sydney
Flindersia australis,151.190014,-33.887439,University of Sydney
Flindersia australis,151.190015,-33.887529,University of Sydney
Flindersia australis,151.190028,-33.887591,University of Sydney
Flindersia australis,151.190053,-33.887698,University of Sydney
Flindersia australis,151.190059,-33.887801,University of Sydney
Flindersia australis,151.190078,-33.887919,University of Sydney
Flindersia australis,151.190091,-33.888017,University of Sydney
Flindersia australis,151.190107,-33.888113,University of Sydney
Flindersia australis,151.190118,-33.88819,University of Sydney
Flindersia australis,151.190133,-33.888261,University of Sydney
Flindersia australis,151.190143,-33.888326,University of Sydney
Flindersia australis,151.190161,-33.888422,University of Sydney
Flindersia australis,151.190183,-33.88854,University of Sydney
Flindersia australis,151.19019,-33.888628,University of Sydney
Flindersia australis,151.190201,-33.888695,University of Sydney
Flindersia australis,151.190214,-33.888794,University of Sydney
Flindersia australis,151.190228,-33.888886,University of Sydney
Flindersia australis,151.187387,-33.886379,University of Sydney
Flindersia australis,151.182581,-33.885957,University of Sydney
Flindersia australis,151.182821,-33.885941,University of Sydney
Flindersia australis,151.183363,-33.8866,University of Sydney
Flindersia australis,151.190184,-33.891201,University of Sydney
Flindersia australis,151.191201,-33.89245,University of Sydney
Flindersia australis,151.191248,-33.892464,University of Sydney
Flindersia australis,151.191285,-33.892479,University of Sydney
Flindersia australis,151.191267,-33.892427,University of Sydney
Flindersia australis,151.191318,-33.892444,University of Sydney
Flindersia australis,151.191361,-33.892458,University of Sydney
Flindersia australis,151.191336,-33.892406,University of Sydney
Flindersia australis,151.19139,-33.892425,University of Sydney
Flindersia australis,151.191434,-33.892441,University of Sydney
Flindersia australis,151.191376,-33.892377,University of Sydney
Flindersia australis,151.190636,-33.892467,University of Sydney
Flindersia australis,151.190651,-33.892513,University of Sydney
Flindersia australis,151.190673,-33.89255,University of Sydney
Flindersia australis,151.190686,-33.892588,University of Sydney
Flindersia australis,151.190713,-33.892624,University of Sydney
Flindersia australis,151.18273,-33.885938,University of Sydney
Harpullia pendula,151.190826,-33.89045,University of Sydney
Harpullia pendula,151.190882,-33.890537,University of Sydney
Harpullia pendula,151.190957,-33.890629,University of Sydney
Harpullia pendula,151.190641,-33.890383,University of Sydney
Harpullia pendula,151.190541,-33.890265,University of Sydney
Harpullia pendula,151.190451,-33.890154,University of Sydney
Harpullia pendula,151.190503,-33.889939,University of Sydney
Harpullia pendula,151.19044,-33.889851,University of Sydney
Harpullia pendula,151.19037,-33.889779,University of Sydney
Harpullia pendula,151.1903,-33.889692,University of Sydney
Harpullia pendula,151.191152,-33.891472,University of Sydney
Harpullia pendula,151.193814,-33.888068,University of Sydney
Harpullia pendula,151.193724,-33.888056,University of Sydney
Harpullia pendula,151.19364,-33.888042,University of Sydney
Harpullia pendula,151.193551,-33.888032,University of Sydney
Harpullia pendula,151.19346,-33.888019,University of Sydney
Harpullia pendula,151.194068,-33.888103,University of Sydney
Harpullia pendula,151.194061,-33.888137,University of Sydney
Harpullia pendula,151.18285,-33.88639,University of Sydney
Harpullia pendula,150.667426,-34.017702,University of Sydney
Cupaniopsis anacardioides,151.184205,-33.888091,University of Sydney
Cupaniopsis anacardioides,151.184197,-33.888056,University of Sydney
Cupaniopsis anacardioides,151.184181,-33.888028,University of Sydney
Cupaniopsis anacardioides,151.18417,-33.887999,University of Sydney
Cupaniopsis anacardioides,151.184819,-33.887186,University of Sydney
Cupaniopsis anacardioides,151.185012,-33.88716,University of Sydney
Cupaniopsis anacardioides,151.191199,-33.890833,University of Sydney
Cupaniopsis anacardioides,151.191176,-33.89081,University of Sydney
Cupaniopsis anacardioides,151.191146,-33.890781,University of Sydney
Cupaniopsis anacardioides,151.191114,-33.890736,University of Sydney
Cupaniopsis anacardioides,151.191028,-33.89064,University of Sydney
Cupaniopsis anacardioides,151.191007,-33.890607,University of Sydney
Cupaniopsis anacardioides,151.190985,-33.890576,University of Sydney
Cupaniopsis anacardioides,151.190921,-33.89051,University of Sydney
Cupaniopsis anacardioides,151.190903,-33.890485,University of Sydney
Cupaniopsis anacardioides,151.190881,-33.89046,University of Sydney
Cupaniopsis anacardioides,151.191215,-33.890859,University of Sydney
Cupaniopsis anacardioides,151.189652,-33.89212,University of Sydney
Cupaniopsis anacardioides,151.189769,-33.892337,University of Sydney
Cupaniopsis anacardioides,151.189777,-33.892401,University of Sydney
Cupaniopsis anacardioides,151.189734,-33.892417,University of Sydney
Cupaniopsis anacardioides,151.299171,-33.54889,University of Sydney
Cupaniopsis anacardioides,151.193514,-33.88898,University of Sydney
Cupaniopsis anacardioides,151.193474,-33.888989,University of Sydney
Cupaniopsis anacardioides,151.193429,-33.889019,University of Sydney
Cupaniopsis anacardioides,151.193483,-33.889018,University of Sydney
Cupaniopsis anacardioides,151.193379,-33.888977,University of Sydney
Cupaniopsis anacardioides,151.19337,-33.888994,University of Sydney
Cupaniopsis anacardioides,151.193335,-33.888987,University of Sydney
Cupaniopsis anacardioides,151.189631,-33.892085,University of Sydney
Cupaniopsis anacardioides,151.189666,-33.892152,University of Sydney
Cupaniopsis anacardioides,151.189697,-33.892229,University of Sydney
Cupaniopsis anacardioides,151.189716,-33.892263,University of Sydney
Cupaniopsis anacardioides,151.189734,-33.892295,University of Sydney
Cupaniopsis anacardioides,151.189752,-33.892329,University of Sydney
Cupaniopsis anacardioides,151.189764,-33.89236,University of Sydney
Acer palmatum,151.188177,-33.885302,University of Sydney
Acer palmatum,151.188111,-33.885317,University of Sydney
Acer palmatum,151.192033,-33.888678,University of Sydney
Acer palmatum,151.193017,-33.891326,University of Sydney
Acer palmatum,151.189039,-33.891589,University of Sydney
Acer palmatum,151.188787,-33.891666,University of Sydney
Acer palmatum,151.188728,-33.891692,University of Sydney
Acer palmatum,151.188095,-33.88819,University of Sydney
Acer negundo,151.192117,-33.888532,University of Sydney
Acer sp.,151.18576,-33.88556,University of Sydney
Acer sp.,151.186087,-33.885826,University of Sydney
Acer sp.,151.186026,-33.885766,University of Sydney
Acer sp.,151.186115,-33.885762,University of Sydney
Acer sp.,151.186223,-33.885846,University of Sydney
Acer sp.,151.183998,-33.886304,University of Sydney
Acer sp.,151.184019,-33.886225,University of Sydney
Acer sp.,151.183,-33.885774,University of Sydney
Acer sp.,151.182954,-33.8856,University of Sydney
Acer sp.,151.18581,-33.88555,University of Sydney
Acer sp.,151.187467,-33.884982,University of Sydney
Acer sp.,151.187531,-33.885538,University of Sydney
Acer sp.,151.19464,-33.88819,University of Sydney
Acer sp.,151.193139,-33.890489,University of Sydney
Acer sp.,151.1887,-33.891462,University of Sydney
Acer sp.,151.188665,-33.891432,University of Sydney
Xylosma japonica,151.18217,-33.8857,University of Sydney
Xylosma japonica,151.182177,-33.885737,University of Sydney
Xylosma japonica,151.18219,-33.885771,University of Sydney
Xylosma japonica,151.19083,-33.890263,University of Sydney
Xylosma japonica,151.190791,-33.890204,University of Sydney
Xylosma japonica,151.194838,-33.888166,University of Sydney
Xylosma japonica,151.190862,-33.890298,University of Sydney
Lepidozamia peroffskyana,151.188944,-33.884944,University of Sydney
Macrozamia communis,151.189167,-33.885028,University of Sydney
Pittosporum rhombifolium,151.189206,-33.885033,University of Sydney
Pittosporum rhombifolium,151.048394,-33.882748,University of Sydney
Pittosporum rhombifolium,151.048407,-33.882904,University of Sydney
Pittosporum undulatum,151.163668,-33.864755,University of Sydney
Pittosporum undulatum,151.163735,-33.864718,University of Sydney
Pittosporum undulatum,151.163338,-33.864174,University of Sydney
Pittosporum undulatum,151.162546,-33.863858,University of Sydney
Pittosporum undulatum,151.162458,-33.863859,University of Sydney
Pittosporum undulatum,151.162349,-33.863896,University of Sydney
Pittosporum undulatum,151.162124,-33.865956,University of Sydney
Pittosporum undulatum,151.16288,-33.867404,University of Sydney
Pittosporum undulatum,150.667411,-34.017649,University of Sydney
Pittosporum undulatum,151.299041,-33.549197,University of Sydney
Hymenosporum flavum,151.188636,-33.887411,University of Sydney
Hymenosporum flavum,151.048726,-33.882623,University of Sydney
Hymenosporum flavum,151.048707,-33.88263,University of Sydney
Hymenosporum flavum,151.048062,-33.88212,University of Sydney
Hymenosporum flavum,151.048063,-33.882092,University of Sydney
Hymenosporum flavum,151.048032,-33.881301,University of Sydney
Hymenosporum flavum,150.667621,-34.017638,University of Sydney
Hymenosporum flavum,151.187808,-33.886661,University of Sydney
Hymenosporum flavum,151.050576,-33.882503,University of Sydney
Hymenosporum flavum,151.05064,-33.88253,University of Sydney
Hymenosporum flavum,151.050628,-33.882594,University of Sydney
Celtis sinensis,151.188259,-33.886895,University of Sydney
Celtis sinensis,151.187162,-33.885427,University of Sydney
Celtis sinensis,151.187071,-33.885446,University of Sydney
Celtis sinensis,151.18285,-33.886335,University of Sydney
Celtis sinensis,151.183186,-33.88657,University of Sydney
Celtis sinensis,151.183007,-33.886456,University of Sydney
Celtis sinensis,151.182938,-33.886415,University of Sydney
Celtis sinensis,151.182765,-33.886325,University of Sydney
Celtis sinensis,151.182677,-33.886327,University of Sydney
Celtis sinensis,151.182665,-33.886304,University of Sydney
Celtis sinensis,151.182636,-33.886286,University of Sydney
Celtis sinensis,151.182628,-33.886328,University of Sydney
Celtis sinensis,151.182599,-33.886325,University of Sydney
Celtis sinensis,151.163397,-33.86421,University of Sydney
Celtis sinensis,151.162681,-33.864322,University of Sydney
Celtis sinensis,151.162591,-33.864316,University of Sydney
Celtis sinensis,151.161939,-33.864912,University of Sydney
Celtis sinensis,151.161971,-33.865158,University of Sydney
Celtis sinensis,151.162071,-33.865656,University of Sydney
Celtis sinensis,151.161599,-33.866925,University of Sydney
Celtis sinensis,151.161802,-33.866643,University of Sydney
Celtis sinensis,151.163005,-33.867412,University of Sydney
Celtis sinensis,151.185098,-33.889719,University of Sydney
Celtis australis,151.184184,-33.888128,University of Sydney
Jacaranda mimosifolia,151.190358,-33.886113,University of Sydney
Jacaranda mimosifolia,151.191019,-33.88598,University of Sydney
Jacaranda mimosifolia,151.187844,-33.886681,University of Sydney
Jacaranda mimosifolia,151.187958,-33.886692,University of Sydney
Jacaranda mimosifolia,151.189056,-33.886815,University of Sydney
Jacaranda mimosifolia,151.189243,-33.886809,University of Sydney
Jacaranda mimosifolia,151.186871,-33.885402,University of Sydney
Jacaranda mimosifolia,151.186762,-33.885485,University of Sydney
Jacaranda mimosifolia,151.185552,-33.885626,University of Sydney
Jacaranda mimosifolia,151.185373,-33.885785,University of Sydney
Jacaranda mimosifolia,151.185436,-33.885773,University of Sydney
Jacaranda mimosifolia,151.185459,-33.885743,University of Sydney
Jacaranda mimosifolia,151.186064,-33.886875,University of Sydney
Jacaranda mimosifolia,151.186262,-33.887254,University of Sydney
Jacaranda mimosifolia,151.18756,-33.887207,University of Sydney
Jacaranda mimosifolia,151.187872,-33.887184,University of Sydney
Jacaranda mimosifolia,151.187685,-33.887881,University of Sydney
Jacaranda mimosifolia,151.187791,-33.887874,University of Sydney
Jacaranda mimosifolia,151.187911,-33.887864,University of Sydney
Jacaranda mimosifolia,151.188018,-33.887846,University of Sydney
Jacaranda mimosifolia,151.188101,-33.887831,University of Sydney
Jacaranda mimosifolia,151.188163,-33.887825,University of Sydney
Jacaranda mimosifolia,151.188243,-33.887814,University of Sydney
Jacaranda mimosifolia,151.188335,-33.887807,University of Sydney
Jacaranda mimosifolia,151.188409,-33.887804,University of Sydney
Jacaranda mimosifolia,151.188792,-33.887237,University of Sydney
Jacaranda mimosifolia,151.188817,-33.887389,University of Sydney
Jacaranda mimosifolia,151.189093,-33.88798,University of Sydney
Jacaranda mimosifolia,151.190525,-33.887383,University of Sydney
Jacaranda mimosifolia,151.190549,-33.887464,University of Sydney
Jacaranda mimosifolia,151.189772,-33.887961,University of Sydney
Jacaranda mimosifolia,151.184951,-33.888717,University of Sydney
Jacaranda mimosifolia,151.185924,-33.887707,University of Sydney
Jacaranda mimosifolia,151.185947,-33.887842,University of Sydney
Jacaranda mimosifolia,151.185945,-33.887987,University of Sydney
Jacaranda mimosifolia,151.183913,-33.885535,University of Sydney
Jacaranda mimosifolia,151.183915,-33.885609,University of Sydney
Jacaranda mimosifolia,151.184003,-33.885645,University of Sydney
Jacaranda mimosifolia,151.183943,-33.885707,University of Sydney
Jacaranda mimosifolia,151.182822,-33.885598,University of Sydney
Jacaranda mimosifolia,151.182344,-33.885956,University of Sydney
Jacaranda mimosifolia,151.183298,-33.886079,University of Sydney
Jacaranda mimosifolia,151.186873,-33.885602,University of Sydney
Jacaranda mimosifolia,151.186125,-33.886875,University of Sydney
Jacaranda mimosifolia,151.187552,-33.887165,University of Sydney
Jacaranda mimosifolia,151.19041,-33.88745,University of Sydney
Jacaranda mimosifolia,151.183892,-33.885439,University of Sydney
Jacaranda mimosifolia,151.187176,-33.885069,University of Sydney
Jacaranda mimosifolia,151.189306,-33.887909,University of Sydney
Jacaranda mimosifolia,151.189325,-33.888034,University of Sydney
Jacaranda mimosifolia,151.182281,-33.886072,University of Sydney
Jacaranda mimosifolia,151.188806,-33.886878,University of Sydney
Jacaranda mimosifolia,151.188776,-33.886999,University of Sydney
Jacaranda mimosifolia,151.188879,-33.887708,University of Sydney
Jacaranda mimosifolia,151.188905,-33.887839,University of Sydney
Jacaranda mimosifolia,151.188937,-33.88796,University of Sydney
Jacaranda mimosifolia,151.18895,-33.888094,University of Sydney
Jacaranda mimosifolia,151.188958,-33.888265,University of Sydney
Jacaranda mimosifolia,151.188988,-33.886181,University of Sydney
Jacaranda mimosifolia,151.190367,-33.891004,University of Sydney
Jacaranda mimosifolia,151.19355,-33.889994,University of Sydney
Jacaranda mimosifolia,151.193504,-33.890091,University of Sydney
Jacaranda mimosifolia,151.193476,-33.89016,University of Sydney
Jacaranda mimosifolia,151.193446,-33.890227,University of Sydney
Jacaranda mimosifolia,151.188422,-33.891543,University of Sydney
Jacaranda mimosifolia,151.162861,-33.864444,University of Sydney
Jacaranda mimosifolia,151.162277,-33.864364,University of Sydney
Jacaranda mimosifolia,151.162209,-33.864827,University of Sydney
Jacaranda mimosifolia,151.162216,-33.865095,University of Sydney
Jacaranda mimosifolia,151.16181,-33.864638,University of Sydney
Jacaranda mimosifolia,151.161803,-33.864998,University of Sydney
Jacaranda mimosifolia,151.161936,-33.865346,University of Sydney
Jacaranda mimosifolia,151.161756,-33.865468,University of Sydney
Jacaranda mimosifolia,151.161861,-33.865984,University of Sydney
Jacaranda mimosifolia,151.162001,-33.866141,University of Sydney
Jacaranda mimosifolia,151.161621,-33.866989,University of Sydney
Jacaranda mimosifolia,151.161775,-33.867001,University of Sydney
Jacaranda mimosifolia,151.161844,-33.867,University of Sydney
Jacaranda mimosifolia,151.162079,-33.866373,University of Sydney
Jacaranda mimosifolia,151.162087,-33.86623,University of Sydney
Jacaranda mimosifolia,150.645894,-34.053999,University of Sydney
Jacaranda mimosifolia,150.652974,-34.034086,University of Sydney
Jacaranda mimosifolia,150.655563,-34.03463,University of Sydney
Jacaranda mimosifolia,150.656068,-34.034431,University of Sydney
Jacaranda mimosifolia,150.658337,-34.031021,University of Sydney
Jacaranda mimosifolia,150.658841,-34.03028,University of Sydney
Jacaranda mimosifolia,150.658914,-34.030003,University of Sydney
Jacaranda mimosifolia,150.658985,-34.030352,University of Sydney
Jacaranda mimosifolia,150.659053,-34.030356,University of Sydney
Jacaranda mimosifolia,150.659109,-34.030054,University of Sydney
Jacaranda mimosifolia,150.658229,-34.029706,University of Sydney
Jacaranda mimosifolia,150.666268,-34.01848,University of Sydney
Jacaranda mimosifolia,150.666374,-34.01841,University of Sydney
Jacaranda mimosifolia,150.667296,-34.018371,University of Sydney
Jacaranda mimosifolia,151.04855,-33.880233,University of Sydney
Jacaranda mimosifolia,151.048335,-33.880762,University of Sydney
Jacaranda mimosifolia,151.189366,-33.88681,University of Sydney
Jacaranda mimosifolia,151.186829,-33.885605,University of Sydney
Cedrus deodara,151.18594,-33.887918,University of Sydney
Cedrus deodara,151.185517,-33.886159,University of Sydney
Cedrus deodara,151.185553,-33.886241,University of Sydney
Cedrus deodara,151.185565,-33.886311,University of Sydney
Cedrus deodara,150.666314,-34.018239,University of Sydney
Cedrus deodara,150.653424,-34.035817,University of Sydney
Pinus canariensis,151.187594,-33.88487,University of Sydney
Pinus canariensis,151.187655,-33.884917,University of Sydney
Pinus radiata,151.19005,-33.885033,University of Sydney
Pinus radiata,150.667646,-34.018585,University of Sydney
Pinus radiata,150.667627,-34.018623,University of Sydney
Pinus radiata,150.666397,-34.017206,University of Sydney
Pinus radiata,150.666433,-34.01732,University of Sydney
Pinus radiata,150.667399,-34.018423,University of Sydney
Pinus radiata,151.189999,-33.884976,University of Sydney
Ceratopetalum apetalum,151.188685,-33.884934,University of Sydney
Platanus orientalis,151.19293,-33.889794,University of Sydney
Platanus x acerifolia,151.189541,-33.891123,University of Sydney
Platanus x acerifolia,151.190734,-33.890152,University of Sydney
Platanus x acerifolia,151.190702,-33.890074,University of Sydney
Platanus x acerifolia,151.193077,-33.888816,University of Sydney
Platanus x acerifolia,151.193114,-33.888747,University of Sydney
Platanus x acerifolia,151.191036,-33.890036,University of Sydney
Platanus x acerifolia,151.192028,-33.88977,University of Sydney
Platanus x acerifolia,151.192744,-33.890717,University of Sydney
Platanus x acerifolia,151.193302,-33.888052,University of Sydney
Platanus x acerifolia,151.193291,-33.888112,University of Sydney
Platanus x acerifolia,151.193269,-33.888172,University of Sydney
Platanus x acerifolia,151.193326,-33.888152,University of Sydney
Platanus x acerifolia,151.193374,-33.888131,University of Sydney
Platanus x acerifolia,151.193397,-33.888173,University of Sydney
Platanus x acerifolia,151.193349,-33.888197,University of Sydney
Platanus x acerifolia,151.193303,-33.888217,University of Sydney
Platanus x acerifolia,151.193252,-33.888234,University of Sydney
Platanus x acerifolia,151.193218,-33.888331,University of Sydney
Platanus x acerifolia,151.193273,-33.88831,University of Sydney
Platanus x acerifolia,151.193319,-33.888288,University of Sydney
Platanus x acerifolia,151.193363,-33.888264,University of Sydney
Platanus x acerifolia,151.193422,-33.888236,University of Sydney
Archontophoenix cunninghamiana,151.188605,-33.885002,University of Sydney
Archontophoenix cunninghamiana,151.188131,-33.88489,University of Sydney
Archontophoenix cunninghamiana,151.18935,-33.887141,University of Sydney
Archontophoenix cunninghamiana,151.189305,-33.887151,University of Sydney
Archontophoenix cunninghamiana,151.189314,-33.887112,University of Sydney
Archontophoenix cunninghamiana,151.188183,-33.884888,University of Sydney
Archontophoenix cunninghamiana,151.18832,-33.88487,University of Sydney
Archontophoenix cunninghamiana,151.163119,-33.865696,University of Sydney
Archontophoenix cunninghamiana,151.162566,-33.86562,University of Sydney
Archontophoenix cunninghamiana,151.162417,-33.865682,University of Sydney
Archontophoenix cunninghamiana,151.162478,-33.866081,University of Sydney
Archontophoenix cunninghamiana,151.162582,-33.865052,University of Sydney
Archontophoenix cunninghamiana,151.163547,-33.865503,University of Sydney
Archontophoenix cunninghamiana,151.163527,-33.864998,University of Sydney
Archontophoenix cunninghamiana,151.162176,-33.866017,University of Sydney
Archontophoenix cunninghamiana,151.162123,-33.867017,University of Sydney
Archontophoenix cunninghamiana,151.298395,-33.549041,University of Sydney
Archontophoenix cunninghamiana,151.186422,-33.885968,University of Sydney
Archontophoenix cunninghamiana,151.186515,-33.885957,University of Sydney
Archontophoenix cunninghamiana,151.193851,-33.889425,University of Sydney
Archontophoenix cunninghamiana,151.193872,-33.889439,University of Sydney
Archontophoenix cunninghamiana,151.193864,-33.889457,University of Sydney
Archontophoenix cunninghamiana,151.193877,-33.889481,University of Sydney
Archontophoenix cunninghamiana,151.19388,-33.889499,University of Sydney
Archontophoenix cunninghamiana,151.193863,-33.889535,University of Sydney
Archontophoenix cunninghamiana,151.193827,-33.889542,University of Sydney
Archontophoenix cunninghamiana,151.193785,-33.88953,University of Sydney
Phoenix canariensis,151.188312,-33.886331,University of Sydney
Phoenix canariensis,151.189268,-33.887089,University of Sydney
Phoenix canariensis,151.191761,-33.890416,University of Sydney
Phoenix canariensis,151.192196,-33.890408,University of Sydney
Phoenix canariensis,151.192956,-33.890786,University of Sydney
Phoenix canariensis,151.193901,-33.889809,University of Sydney
Phoenix canariensis,151.193783,-33.889777,University of Sydney
Phoenix canariensis,151.162762,-33.864698,University of Sydney
Phoenix canariensis,150.655472,-34.034369,University of Sydney
Phoenix canariensis,150.655781,-34.034534,University of Sydney
Phoenix canariensis,150.655953,-34.034558,University of Sydney
Phoenix canariensis,150.657735,-34.026573,University of Sydney
Phoenix canariensis,150.657681,-34.026549,University of Sydney
Phoenix canariensis,150.657622,-34.026531,University of Sydney
Phoenix canariensis,151.050649,-33.883957,University of Sydney
Phoenix canariensis,151.050493,-33.884048,University of Sydney
Phoenix canariensis,151.050303,-33.883311,University of Sydney
Livistona sp.,151.187872,-33.887025,University of Sydney
Livistona sp.,151.187978,-33.887008,University of Sydney
Livistona australis,151.188317,-33.88489,University of Sydney
Livistona australis,151.188253,-33.884895,University of Sydney
Livistona australis,151.186433,-33.886777,University of Sydney
Livistona australis,151.186517,-33.886767,University of Sydney
Livistona australis,151.186463,-33.886859,University of Sydney
Livistona australis,151.186424,-33.88689,University of Sydney
Livistona australis,151.190102,-33.891115,University of Sydney
Livistona australis,151.189105,-33.89139,University of Sydney
Livistona australis,151.162934,-33.867268,University of Sydney
Livistona australis,151.162421,-33.865761,University of Sydney
Livistona australis,151.162583,-33.865011,University of Sydney
Livistona australis,151.162579,-33.865104,University of Sydney
Livistona australis,151.163122,-33.864752,University of Sydney
Livistona australis,151.163043,-33.864736,University of Sydney
Livistona australis,151.162346,-33.86531,University of Sydney
Livistona australis,151.162051,-33.866075,University of Sydney
Livistona australis,151.163333,-33.867291,University of Sydney
Livistona australis,151.163384,-33.867273,University of Sydney
Livistona australis,151.163343,-33.867255,University of Sydney
Livistona australis,151.163426,-33.867247,University of Sydney
Livistona australis,151.163366,-33.86723,University of Sydney
Livistona australis,151.163338,-33.867209,University of Sydney
Livistona australis,151.163373,-33.867196,University of Sydney
Livistona australis,151.163409,-33.867196,University of Sydney
Livistona australis,151.163529,-33.866537,University of Sydney
Livistona australis,151.163527,-33.866481,University of Sydney
Livistona australis,151.162172,-33.866174,University of Sydney
Livistona australis,151.162165,-33.866237,University of Sydney
Livistona australis,151.16215,-33.866389,University of Sydney
Livistona australis,151.162146,-33.866428,University of Sydney
Livistona australis,151.162156,-33.866566,University of Sydney
Livistona australis,151.162158,-33.866809,University of Sydney
Livistona australis,151.048733,-33.882557,University of Sydney
Livistona australis,151.04855,-33.882694,University of Sydney
Livistona australis,151.048592,-33.882778,University of Sydney
Livistona australis,151.048816,-33.882645,University of Sydney
Livistona australis,151.298876,-33.549405,University of Sydney
Livistona australis,151.298921,-33.549411,University of Sydney
Livistona australis,151.299128,-33.548885,University of Sydney
Livistona australis,151.298679,-33.54902,University of Sydney
Livistona australis,151.298398,-33.549119,University of Sydney
Livistona australis,151.298284,-33.548923,University of Sydney
Livistona australis,151.298286,-33.549041,University of Sydney
Livistona australis,151.297793,-33.549145,University of Sydney
Livistona australis,151.297779,-33.549037,University of Sydney
Archontophoenix alexandrea,151.188686,-33.884939,University of Sydney
Archontophoenix alexandrea,151.187984,-33.886393,University of Sydney
Archontophoenix alexandrea,151.187813,-33.886395,University of Sydney
Archontophoenix alexandrea,151.187868,-33.886396,University of Sydney
Archontophoenix alexandrea,151.18791,-33.886396,University of Sydney
Archontophoenix alexandrea,151.187955,-33.886394,University of Sydney
Archontophoenix alexandrea,151.188101,-33.886373,University of Sydney
Archontophoenix alexandrea,151.188127,-33.886369,University of Sydney
Archontophoenix alexandrea,151.188187,-33.88635,University of Sydney
Archontophoenix alexandrea,151.18821,-33.886345,University of Sydney
Archontophoenix alexandrea,151.188228,-33.886344,University of Sydney
Archontophoenix alexandrea,151.188248,-33.886341,University of Sydney
Howea forsteriana,151.188355,-33.884888,University of Sydney
Howea forsteriana,151.188218,-33.886973,University of Sydney
Howea forsteriana,151.048622,-33.88273,University of Sydney
Washingtonia robusta,151.183604,-33.886503,University of Sydney
Washingtonia robusta,151.181558,-33.885803,University of Sydney
Washingtonia robusta,151.162645,-33.866032,University of Sydney
Washingtonia robusta,151.162629,-33.865286,University of Sydney
Casuarina glauca,151.190982,-33.886079,University of Sydney
Casuarina glauca,151.190928,-33.88599,University of Sydney
Casuarina glauca,151.191046,-33.885938,University of Sydney
Casuarina glauca,151.184701,-33.88537,University of Sydney
Casuarina glauca,151.184695,-33.88535,University of Sydney
Casuarina glauca,151.184685,-33.885323,University of Sydney
Casuarina glauca,151.184678,-33.885293,University of Sydney
Casuarina glauca,151.184675,-33.885265,University of Sydney
Casuarina glauca,151.184669,-33.885236,University of Sydney
Casuarina glauca,151.183454,-33.886521,University of Sydney
Casuarina glauca,151.191567,-33.890537,University of Sydney
Casuarina glauca,151.190838,-33.890173,University of Sydney
Casuarina glauca,151.161953,-33.864819,University of Sydney
Casuarina glauca,151.161986,-33.865257,University of Sydney
Casuarina glauca,150.656654,-34.034808,University of Sydney
Casuarina glauca,150.656771,-34.034799,University of Sydney
Casuarina glauca,150.656419,-34.034375,University of Sydney
Casuarina glauca,150.656714,-34.03423,University of Sydney
Casuarina glauca,151.050125,-33.883777,University of Sydney
Casuarina glauca,151.049974,-33.883591,University of Sydney
Casuarina glauca,151.049928,-33.883589,University of Sydney
Casuarina glauca,151.049906,-33.883585,University of Sydney
Casuarina glauca,151.049958,-33.883555,University of Sydney
Casuarina glauca,151.049892,-33.88352,University of Sydney
Casuarina glauca,151.049869,-33.883488,University of Sydney
Casuarina glauca,151.049835,-33.883452,University of Sydney
Casuarina glauca,151.049772,-33.883414,University of Sydney
Casuarina glauca,151.048793,-33.883432,University of Sydney
Casuarina glauca,151.048825,-33.883424,University of Sydney
Casuarina glauca,151.048757,-33.883425,University of Sydney
Casuarina glauca,151.048633,-33.883358,University of Sydney
Casuarina glauca,151.048793,-33.883332,University of Sydney
Casuarina glauca,151.049061,-33.881343,University of Sydney
Casuarina glauca,151.049052,-33.881321,University of Sydney
Casuarina glauca,151.048939,-33.881139,University of Sydney
Casuarina glauca,151.048898,-33.881096,University of Sydney
Casuarina glauca,151.048919,-33.881083,University of Sydney
Casuarina glauca,151.048914,-33.881064,University of Sydney
Casuarina glauca,151.048919,-33.881044,University of Sydney
Casuarina glauca,151.049583,-33.880973,University of Sydney
Casuarina glauca,151.049593,-33.88093,University of Sydney
Casuarina glauca,151.048208,-33.880027,University of Sydney
Casuarina glauca,151.048059,-33.879101,University of Sydney
Casuarina glauca,151.04844,-33.878183,University of Sydney
Casuarina glauca,151.048466,-33.878231,University of Sydney
Casuarina glauca,151.048436,-33.878294,University of Sydney
Casuarina glauca,151.18251,-33.8863,University of Sydney
Casuarina glauca,147.602542,-33.781517,University of Sydney
Casuarina cunninghamiana,151.191029,-33.886047,University of Sydney
Casuarina cunninghamiana,151.190978,-33.885926,University of Sydney
Casuarina cunninghamiana,151.191258,-33.890822,University of Sydney
Casuarina cunninghamiana,151.191275,-33.890817,University of Sydney
Casuarina cunninghamiana,151.191298,-33.890812,University of Sydney
Casuarina cunninghamiana,151.19132,-33.890802,University of Sydney
Casuarina cunninghamiana,151.191354,-33.890793,University of Sydney
Casuarina cunninghamiana,151.191387,-33.890782,University of Sydney
Casuarina cunninghamiana,151.191565,-33.890717,University of Sydney
Casuarina cunninghamiana,151.191631,-33.890697,University of Sydney
Casuarina cunninghamiana,151.191659,-33.890689,University of Sydney
Casuarina cunninghamiana,151.191678,-33.890674,University of Sydney
Casuarina cunninghamiana,151.19171,-33.890666,University of Sydney
Casuarina cunninghamiana,151.190903,-33.890035,University of Sydney
Casuarina cunninghamiana,151.190989,-33.889997,University of Sydney
Casuarina cunninghamiana,151.161634,-33.86462,University of Sydney
Casuarina cunninghamiana,151.161827,-33.864725,University of Sydney
Casuarina cunninghamiana,151.161931,-33.864859,University of Sydney
Casuarina cunninghamiana,151.161971,-33.864965,University of Sydney
Casuarina cunninghamiana,151.161868,-33.865096,University of Sydney
Casuarina cunninghamiana,151.161956,-33.865243,University of Sydney
Casuarina cunninghamiana,150.655111,-34.03456,University of Sydney
Casuarina cunninghamiana,150.656142,-34.03441,University of Sydney
Casuarina cunninghamiana,150.655704,-34.035408,University of Sydney
Casuarina cunninghamiana,150.655724,-34.035322,University of Sydney
Casuarina cunninghamiana,150.656195,-34.035571,University of Sydney
Casuarina cunninghamiana,150.656313,-34.034998,University of Sydney
Casuarina cunninghamiana,150.656425,-34.034784,University of Sydney
Casuarina cunninghamiana,150.656618,-34.034744,University of Sydney
Casuarina cunninghamiana,150.656669,-34.034758,University of Sydney
Casuarina cunninghamiana,150.656876,-34.034674,University of Sydney
Casuarina cunninghamiana,150.656627,-34.034632,University of Sydney
Casuarina cunninghamiana,150.656542,-34.034627,University of Sydney
Casuarina cunninghamiana,150.656369,-34.03463,University of Sydney
Casuarina cunninghamiana,150.656542,-34.034169,University of Sydney
Casuarina cunninghamiana,151.048716,-33.88338,University of Sydney
Liquidambar styraciflua,150.667865,-34.018096,University of Sydney
Liquidambar styraciflua,150.667229,-34.018334,University of Sydney
Liquidambar styraciflua,150.667964,-34.018157,University of Sydney
Liquidambar styraciflua,150.668001,-34.018193,University of Sydney
Liquidambar styraciflua,150.668074,-34.018224,University of Sydney
Liquidambar styraciflua,150.655959,-34.036242,University of Sydney
Elaeocarpus reticulatus,151.189084,-33.884997,University of Sydney
Elaeocarpus reticulatus,151.188609,-33.887176,University of Sydney
Elaeocarpus reticulatus,151.183915,-33.885928,University of Sydney
Elaeocarpus reticulatus,151.189215,-33.885126,University of Sydney
Elaeocarpus reticulatus,151.189202,-33.885107,University of Sydney
Elaeocarpus reticulatus,151.182963,-33.888037,University of Sydney
Elaeocarpus reticulatus,151.18288,-33.887916,University of Sydney
Elaeocarpus reticulatus,151.183889,-33.885932,University of Sydney
Elaeocarpus reticulatus,151.183869,-33.885934,University of Sydney
Elaeocarpus reticulatus,151.183845,-33.885938,University of Sydney
Elaeocarpus reticulatus,151.190461,-33.890239,University of Sydney
Elaeocarpus reticulatus,151.190483,-33.890274,University of Sydney
Elaeocarpus reticulatus,151.190517,-33.890318,University of Sydney
Elaeocarpus reticulatus,151.190546,-33.890357,University of Sydney
Elaeocarpus reticulatus,151.19058,-33.890388,University of Sydney
Elaeocarpus reticulatus,151.190607,-33.890422,University of Sydney
Elaeocarpus reticulatus,151.190633,-33.890459,University of Sydney
Elaeocarpus reticulatus,151.19066,-33.890494,University of Sydney
Elaeocarpus reticulatus,151.190719,-33.890705,University of Sydney
Elaeocarpus reticulatus,151.190852,-33.890366,University of Sydney
Elaeocarpus reticulatus,151.19084,-33.890344,University of Sydney
Elaeocarpus reticulatus,151.192384,-33.890715,University of Sydney
Elaeocarpus reticulatus,151.190686,-33.890656,University of Sydney
Elaeocarpus reticulatus,151.192834,-33.891188,University of Sydney
Elaeocarpus reticulatus,151.193938,-33.890842,University of Sydney
Elaeocarpus reticulatus,151.194007,-33.890677,University of Sydney
Elaeocarpus reticulatus,151.193992,-33.890702,University of Sydney
Elaeocarpus reticulatus,151.193982,-33.890732,University of Sydney
Elaeocarpus reticulatus,151.19396,-33.890782,University of Sydney
Elaeocarpus reticulatus,151.19395,-33.89081,University of Sydney
Elaeocarpus reticulatus,151.193925,-33.890874,University of Sydney
Elaeocarpus reticulatus,151.193912,-33.890903,University of Sydney
Elaeocarpus reticulatus,151.193898,-33.890939,University of Sydney
Elaeocarpus reticulatus,151.189871,-33.892828,University of Sydney
Elaeocarpus reticulatus,151.189859,-33.892805,University of Sydney
Elaeocarpus reticulatus,151.189848,-33.892781,University of Sydney
Elaeocarpus reticulatus,151.189829,-33.892752,University of Sydney
Elaeocarpus reticulatus,150.667623,-34.017671,University of Sydney
Elaeocarpus reticulatus,150.655601,-34.032298,University of Sydney
Elaeocarpus reticulatus,151.049767,-33.882065,University of Sydney
Elaeocarpus reticulatus,151.049745,-33.882074,University of Sydney
Elaeocarpus reticulatus,151.049674,-33.882092,University of Sydney
Elaeocarpus reticulatus,151.049582,-33.882141,University of Sydney
Elaeocarpus reticulatus,151.04905,-33.882021,University of Sydney
Elaeocarpus reticulatus,151.048659,-33.882121,University of Sydney
Elaeocarpus reticulatus,151.048961,-33.88281,University of Sydney
Elaeocarpus reticulatus,151.049081,-33.880682,University of Sydney
Elaeocarpus reticulatus,151.047734,-33.882007,University of Sydney
Elaeocarpus reticulatus,150.712438,-33.761786,University of Sydney
Elaeocarpus reticulatus,150.712288,-33.761496,University of Sydney
Elaeocarpus reticulatus,150.712495,-33.761126,University of Sydney
Elaeocarpus reticulatus,151.182902,-33.885919,University of Sydney
Elaeocarpus reticulatus,151.193879,-33.891001,University of Sydney
Elaeocarpus reticulatus,151.193889,-33.89097,University of Sydney
Elaeocarpus reticulatus,151.190702,-33.890769,University of Sydney
Anigozanthos flavidus,151.189833,-33.887417,University of Sydney
Unknown sp.,151.187805,-33.88677,University of Sydney
Unknown sp.,151.19045,-33.886107,University of Sydney
Unknown sp.,151.190492,-33.886101,University of Sydney
Unknown sp.,150.667404,-34.017671,University of Sydney
Unknown sp.,150.667367,-34.017688,University of Sydney
Magnolia figo ssp crassipes,151.188782,-33.885197,University of Sydney
Magnolia figo ssp crassipes,151.188335,-33.885764,University of Sydney
Magnolia figo ssp crassipes,151.187813,-33.886811,University of Sydney
Magnolia figo ssp crassipes,151.192973,-33.890741,University of Sydney
Magnolia grandiflora,151.188587,-33.88539,University of Sydney
Magnolia grandiflora,151.186983,-33.885436,University of Sydney
Magnolia grandiflora,151.187391,-33.885407,University of Sydney
Magnolia grandiflora,151.184219,-33.885679,University of Sydney
Magnolia grandiflora,151.189877,-33.890955,University of Sydney
Magnolia grandiflora,151.192219,-33.890902,University of Sydney
Magnolia grandiflora,151.189863,-33.891003,University of Sydney
Magnolia grandiflora,151.189832,-33.890986,University of Sydney
Magnolia grandiflora,151.18977,-33.890934,University of Sydney
Magnolia grandiflora,151.189759,-33.890863,University of Sydney
Magnolia grandiflora,151.1635,-33.864936,University of Sydney
Magnolia grandiflora,151.18669,-33.885841,University of Sydney
Acanthus mollis,151.186834,-33.885478,University of Sydney
Agave attenuata,151.190444,-33.885011,University of Sydney
Agave attenuata,151.193697,-33.889417,University of Sydney
Agave attenuata,151.214078,-33.863264,University of Sydney
Actinotus helianthi,151.186834,-33.885478,University of Sydney
Actinotus helianthi,151.18266,-33.88636,University of Sydney
Aspidistra elatior,151.193786,-33.889461,University of Sydney
Aloe plicatilis,151.186919,-33.886275,University of Sydney
Alcantarea imperialis,151.189418,-33.886557,University of Sydney
Alcantarea imperialis,151.191237,-33.885776,University of Sydney
Alcantarea imperialis,151.185323,-33.885794,University of Sydney
Alcantarea imperialis,151.186919,-33.886275,University of Sydney
Buxus sempervirens,151.19408,-33.888777,University of Sydney
Buxus sempervirens,151.193217,-33.888288,University of Sydney
Buxus sempervirens,151.185569,-33.885657,University of Sydney
Abelia × grandiflora,151.185838,-33.886367,University of Sydney
Ceratopetalum gummiferum,151.18248,-33.88628,University of Sydney
Dicksonia antarctica,151.193882,-33.889421,University of Sydney
Dicksonia antarctica,151.192012,-33.888573,University of Sydney
Hardenbergia violacea,151.187527,-33.887168,University of Sydney
Hardenbergia violacea,151.1823,-33.88617,University of Sydney
Wisteria sinensis,151.186889,-33.885667,University of Sydney
Wisteria sinensis,151.192388,-33.888364,University of Sydney
Hibiscus tiliaceus,151.192383,-33.890478,University of Sydney
Adenanthos sericeus,151.18271,-33.88648,University of Sydney
Correa alba,151.18288,-33.88645,University of Sydney
Xanthorrhoea sp.,151.188795,-33.888318,University of Sydney
Xanthorrhoea sp.,151.188756,-33.88825,University of Sydney
Xanthorrhoea sp.,151.192305,-33.890855,University of Sydney
Xanthorrhoea sp.,151.19003,-33.889361,University of Sydney
Xanthorrhoea sp.,151.190077,-33.88932,University of Sydney
Xanthorrhoea sp.,151.190241,-33.889147,University of Sydney
Xanthorrhoea sp.,151.190296,-33.889108,University of Sydney
Xanthorrhoea sp.,151.297986,-33.549191,University of Sydney
Xanthorrhoea sp.,151.297935,-33.549244,University of Sydney
Xanthorrhoea sp.,151.297879,-33.549327,University of Sydney
Xanthorrhoea sp.,151.297875,-33.54934,University of Sydney
Xanthorrhoea sp.,151.297953,-33.549405,University of Sydney
Xanthorrhoea sp.,151.297861,-33.549301,University of Sydney
Xanthorrhoea sp.,151.297825,-33.549063,University of Sydney
Xanthorrhoea sp.,149.860851,-30.268083,University of Sydney
Xanthorrhoea sp.,149.860851,-30.26809,University of Sydney
Xanthorrhoea sp.,149.860851,-30.268902,University of Sydney
Xanthorrhoea sp.,149.860874,-30.268114,University of Sydney
Xanthorrhoea sp.,149.8609,-30.268112,University of Sydney
Xanthorrhoea sp.,149.860904,-30.268122,University of Sydney
Xanthorrhoea sp.,149.86088,-30.268146,University of Sydney
Xanthorrhoea sp.,149.860949,-30.268183,University of Sydney
Xanthorrhoea sp.,149.860899,-30.268185,University of Sydney
Xanthorrhoea sp.,149.860899,-30.268187,University of Sydney
Xanthorrhoea sp.,149.860997,-30.268094,University of Sydney
Xanthorrhoea sp.,149.860887,-30.268191,University of Sydney
Xanthorrhoea sp.,149.860873,-30.268187,University of Sydney
Xanthorrhoea sp.,149.860853,-30.268197,University of Sydney
Xanthorrhoea sp.,149.860852,-30.268199,University of Sydney
Xanthorrhoea sp.,149.860853,-30.2682,University of Sydney
Xanthorrhoea sp.,149.860842,-30.268211,University of Sydney
Xanthorrhoea sp.,149.860822,-30.268213,University of Sydney
Xanthorrhoea sp.,149.860808,-30.268229,University of Sydney
Xanthorrhoea sp.,149.86082,-30.268258,University of Sydney
Xanthorrhoea sp.,149.860876,-30.26827,University of Sydney
Xanthorrhoea sp.,149.860707,-30.268239,University of Sydney
Xanthorrhoea sp.,149.860727,-30.268239,University of Sydney
Xanthorrhoea sp.,149.860718,-30.268231,University of Sydney
Xanthorrhoea sp.,149.86073,-30.268217,University of Sydney
Xanthorrhoea sp.,149.86071,-30.268199,University of Sydney
Xanthorrhoea sp.,149.860681,-30.268184,University of Sydney
Xanthorrhoea sp.,149.860677,-30.268179,University of Sydney
Xanthorrhoea sp.,149.86085,-30.26816,University of Sydney
Xanthorrhoea sp.,149.86065,-30.268154,University of Sydney
Xanthorrhoea sp.,149.860671,-30.268099,University of Sydney
Xanthorrhoea sp.,149.860663,-30.268104,University of Sydney
Xanthorrhoea sp.,149.860618,-30.268134,University of Sydney
Xanthorrhoea sp.,149.860619,-30.268182,University of Sydney
Xanthorrhoea sp.,149.86042,-30.268173,University of Sydney
Xanthorrhoea sp.,149.860445,-30.267928,University of Sydney
Xanthorrhoea sp.,149.860441,-30.267916,University of Sydney
Xanthorrhoea sp.,149.860438,-30.26788,University of Sydney
Xanthorrhoea sp.,149.860708,-30.267863,University of Sydney
Xanthorrhoea sp.,149.860401,-30.267841,University of Sydney
Xanthorrhoea sp.,149.860391,-30.267332,University of Sydney
Xanthorrhoea sp.,149.860402,-30.267817,University of Sydney
Xanthorrhoea sp.,149.860422,-30.267814,University of Sydney
Xanthorrhoea sp.,149.860412,-30.267798,University of Sydney
Xanthorrhoea sp.,149.860398,-30.267794,University of Sydney
Xanthorrhoea sp.,149.860401,-30.267796,University of Sydney
Xanthorrhoea sp.,149.860391,-30.267811,University of Sydney
Xanthorrhoea sp.,149.860381,-30.267754,University of Sydney
Xanthorrhoea sp.,149.860474,-30.267751,University of Sydney
Xanthorrhoea sp.,149.860408,-30.267742,University of Sydney
Xanthorrhoea sp.,149.860287,-30.26782,University of Sydney
Xanthorrhoea sp.,149.860257,-30.26783,University of Sydney
Xanthorrhoea sp.,149.860273,-30.267833,University of Sydney
Xanthorrhoea sp.,149.860292,-30.267836,University of Sydney
Xanthorrhoea sp.,149.860297,-30.267844,University of Sydney
Xanthorrhoea sp.,149.860219,-30.267901,University of Sydney
Xanthorrhoea sp.,149.860147,-30.267981,University of Sydney
Xanthorrhoea sp.,149.860333,-30.268096,University of Sydney
Xanthorrhoea sp.,149.860342,-30.268191,University of Sydney
Xanthorrhoea sp.,149.860048,-30.268204,University of Sydney
Xanthorrhoea sp.,149.859159,-30.268207,University of Sydney
Xanthorrhoea sp.,149.859118,-30.268704,University of Sydney
Xanthorrhoea sp.,149.859116,-30.268774,University of Sydney
Xanthorrhoea sp.,149.861383,-30.268617,University of Sydney
Xanthorrhoea sp.,149.861371,-30.268389,University of Sydney
Xanthorrhoea sp.,149.861375,-30.268569,University of Sydney
Xanthorrhoea sp.,149.861373,-30.26856,University of Sydney
Xanthorrhoea sp.,149.861381,-30.268561,University of Sydney
Xanthorrhoea sp.,149.861386,-30.268525,University of Sydney
Xanthorrhoea sp.,149.861371,-30.268525,University of Sydney
Xanthorrhoea sp.,149.861398,-30.268512,University of Sydney
Xanthorrhoea sp.,149.861431,-30.268483,University of Sydney
Xanthorrhoea sp.,149.861469,-30.268493,University of Sydney
Xanthorrhoea sp.,149.861497,-30.268471,University of Sydney
Xanthorrhoea sp.,149.861499,-30.268468,University of Sydney
Xanthorrhoea sp.,149.861854,-30.268577,University of Sydney
Xanthorrhoea sp.,149.861868,-30.268572,University of Sydney
Xanthorrhoea sp.,149.861867,-30.268568,University of Sydney
Xanthorrhoea sp.,149.862217,-30.268558,University of Sydney
Xanthorrhoea sp.,149.862179,-30.268827,University of Sydney
Xanthorrhoea sp.,149.862195,-30.268815,University of Sydney
Xanthorrhoea sp.,149.862248,-30.26887,University of Sydney
Xanthorrhoea sp.,149.862263,-30.268879,University of Sydney
Xanthorrhoea sp.,149.862274,-30.268909,University of Sydney
Xanthorrhoea sp.,149.862285,-30.268898,University of Sydney
Xanthorrhoea sp.,149.862292,-30.268886,University of Sydney
Xanthorrhoea sp.,149.8623,-30.268885,University of Sydney
Xanthorrhoea sp.,149.862297,-30.2689,University of Sydney
Xanthorrhoea sp.,149.862296,-30.268901,University of Sydney
Xanthorrhoea sp.,149.862308,-30.268905,University of Sydney
Xanthorrhoea sp.,149.862292,-30.26892,University of Sydney
Xanthorrhoea sp.,149.862292,-30.268928,University of Sydney
Xanthorrhoea sp.,149.862296,-30.26894,University of Sydney
Xanthorrhoea sp.,149.862293,-30.268955,University of Sydney
Xanthorrhoea sp.,149.86229,-30.26895,University of Sydney
Xanthorrhoea sp.,149.862267,-30.268987,University of Sydney
Xanthorrhoea sp.,149.862287,-30.26931,University of Sydney
Xanthorrhoea sp.,149.862343,-30.269374,University of Sydney
Xanthorrhoea sp.,149.862341,-30.269378,University of Sydney
Xanthorrhoea sp.,149.862342,-30.268376,University of Sydney
Xanthorrhoea sp.,149.862354,-30.269379,University of Sydney
Xanthorrhoea sp.,149.862385,-30.269383,University of Sydney
Xanthorrhoea sp.,149.86242,-30.269416,University of Sydney
Xanthorrhoea sp.,149.860471,-30.268431,University of Sydney
Xanthorrhoea sp.,149.860495,-30.268368,University of Sydney
Xanthorrhoea sp.,149.860521,-30.268398,University of Sydney
Xanthorrhoea sp.,149.860574,-30.26847,University of Sydney
Xanthorrhoea sp.,149.860605,-30.268414,University of Sydney
Xanthorrhoea sp.,149.860604,-30.268412,University of Sydney
Xanthorrhoea sp.,149.860601,-30.26841,University of Sydney
Xanthorrhoea sp.,149.860604,-30.268409,University of Sydney
Xanthorrhoea sp.,149.860607,-30.268408,University of Sydney
Xanthorrhoea sp.,149.860599,-30.26837,University of Sydney
Xanthorrhoea sp.,149.860653,-30.26746,University of Sydney
Xanthorrhoea sp.,149.860787,-30.268401,University of Sydney
Xanthorrhoea sp.,149.86079,-30.268355,University of Sydney
Xanthorrhoea sp.,149.8608,-30.268348,University of Sydney
Xanthorrhoea sp.,149.8608,-30.268343,University of Sydney
Xanthorrhoea sp.,149.861178,-30.268488,University of Sydney
Xanthorrhoea sp.,149.861194,-30.268787,University of Sydney
Xanthorrhoea sp.,149.861307,-30.268583,University of Sydney
Xanthorrhoea sp.,149.861333,-30.268588,University of Sydney
Xanthorrhoea sp.,149.861352,-30.26863,University of Sydney
Xanthorrhoea sp.,149.861357,-30.268636,University of Sydney
Zamia furfuracea,151.190025,-33.885076,University of Sydney
Pinus halepensis,151.190608,-33.885044,University of Sydney
Pinus halepensis,151.190905,-33.885165,University of Sydney
Pinus halepensis,150.657989,-34.026708,University of Sydney
Pinus halepensis,150.657986,-34.026645,University of Sydney
Pinus halepensis,150.657675,-34.02649,University of Sydney
Acacia longifolia,151.18234,-33.88616,University of Sydney
Melaleuca armillaris,151.163248,-33.864169,University of Sydney
Melaleuca armillaris,150.658372,-34.035808,University of Sydney
Melaleuca armillaris,150.658364,-34.035858,University of Sydney
Ulmus procera,150.652928,-34.03415,University of Sydney
Ulmus procera,150.652967,-34.034284,University of Sydney
Allocasuarina torulosa,151.049009,-33.880484,University of Sydney
Allocasuarina torulosa,151.048809,-33.880553,University of Sydney
Allocasuarina torulosa,151.048761,-33.88057,University of Sydney
Allocasuarina torulosa,151.048728,-33.880583,University of Sydney
Allocasuarina torulosa,150.656813,-34.034769,University of Sydney
Allocasuarina torulosa,150.668243,-34.017812,University of Sydney
Allocasuarina torulosa,150.656813,-34.034769,University of Sydney
Allocasuarina torulosa,150.668243,-34.017812,University of Sydney
Eucalyptus punctata,151.191777,-33.890563,University of Sydney
Eucalyptus punctata,151.193579,-33.89137,University of Sydney
Corymbia tessellaris,150.658677,-34.035842,University of Sydney
Carya illinoiensis,150.653421,-34.034265,University of Sydney
Koelreuteria paniculata,150.653342,-34.034306,University of Sydney
Eucalyptus botryoides,151.161949,-33.864157,University of Sydney
Eucalyptus botryoides,151.161775,-33.865032,University of Sydney
Eucalyptus botryoides,150.654383,-34.03571,University of Sydney
Eucalyptus botryoides,150.655816,-34.035506,University of Sydney
Eucalyptus botryoides,151.048317,-33.880208,University of Sydney
Eucalyptus botryoides,151.048277,-33.880231,University of Sydney
Eucalyptus botryoides,151.048235,-33.880252,University of Sydney
Eucalyptus botryoides,151.048154,-33.880287,University of Sydney
Eucalyptus scoparia,151.1925,-33.889322,University of Sydney
Eucalyptus scoparia,150.656475,-34.035951,University of Sydney
Eucalyptus scoparia,150.655189,-34.036127,University of Sydney
Eucalyptus scoparia,151.04844,-33.88335,University of Sydney
Acacia decurrens,151.192208,-33.890683,University of Sydney
Acacia decurrens,151.192214,-33.890674,University of Sydney
Acacia decurrens,151.192249,-33.89063,University of Sydney
Acacia decurrens,151.192244,-33.890618,University of Sydney
Acacia decurrens,151.192267,-33.890604,University of Sydney
Acacia decurrens,151.192248,-33.8906,University of Sydney
Acacia decurrens,150.668159,-34.018397,University of Sydney
Acacia decurrens,150.668159,-34.018397,University of Sydney
Eucalyptus crebra,150.656347,-34.036595,University of Sydney
Eucalyptus crebra,150.656349,-34.036653,University of Sydney
Eucalyptus crebra,150.655981,-34.036632,University of Sydney
Eucalyptus crebra,150.655187,-34.035307,University of Sydney
Eucalyptus crebra,150.655252,-34.035315,University of Sydney
Eucalyptus crebra,150.655354,-34.035328,University of Sydney
Eucalyptus crebra,150.655456,-34.035352,University of Sydney
Eucalyptus crebra,150.655613,-34.035383,University of Sydney
Eucalyptus crebra,150.656847,-34.031243,University of Sydney
Eucalyptus crebra,150.656854,-34.031206,University of Sydney
Eucalyptus crebra,150.656925,-34.031222,University of Sydney
Eucalyptus crebra,150.656878,-34.03118,University of Sydney
Eucalyptus crebra,150.656948,-34.031155,University of Sydney
Eucalyptus crebra,150.657362,-34.031283,University of Sydney
Eucalyptus crebra,150.65744,-34.031292,University of Sydney
Eucalyptus crebra,151.049633,-33.880647,University of Sydney
Eucalyptus crebra,151.049598,-33.880608,University of Sydney
Eucalyptus crebra,151.049335,-33.880703,University of Sydney
Eucalyptus crebra,151.048748,-33.880655,University of Sydney
Eucalyptus crebra,151.048776,-33.880668,University of Sydney
Eucalyptus crebra,151.048735,-33.880682,University of Sydney
Eucalyptus crebra,151.048742,-33.880697,University of Sydney
Eucalyptus crebra,151.048774,-33.880705,University of Sydney
Eucalyptus crebra,151.048751,-33.880715,University of Sydney
Eucalyptus amplifolia,150.667549,-34.018219,University of Sydney
Eucalyptus amplifolia,150.667622,-34.018591,University of Sydney
Eucalyptus amplifolia,150.653605,-34.036002,University of Sydney
Eucalyptus amplifolia,150.652993,-34.035374,University of Sydney
Eucalyptus amplifolia,150.653059,-34.036004,University of Sydney
Eucalyptus amplifolia,150.653148,-34.034403,University of Sydney
Eucalyptus amplifolia,150.656892,-34.03307,University of Sydney
Eucalyptus amplifolia,150.656773,-34.032898,University of Sydney
Eucalyptus amplifolia,150.656688,-34.032899,University of Sydney
Eucalyptus amplifolia,150.656644,-34.03285,University of Sydney
Eucalyptus amplifolia,150.65692,-34.032816,University of Sydney
Eucalyptus amplifolia,150.656628,-34.032487,University of Sydney
Eucalyptus amplifolia,150.656646,-34.032531,University of Sydney
Eucalyptus amplifolia,150.656628,-34.032557,University of Sydney
Eucalyptus amplifolia,150.656598,-34.03259,University of Sydney
Eucalyptus amplifolia,150.656577,-34.032559,University of Sydney
Eucalyptus amplifolia,150.656553,-34.032597,University of Sydney
Eucalyptus amplifolia,150.656559,-34.032631,University of Sydney
Fraxinus angustifolia ssp. oxycarpa 'Raywood',151.184144,-33.886831,University of Sydney
Fraxinus angustifolia ssp. oxycarpa 'Raywood',151.184227,-33.886872,University of Sydney
Fraxinus angustifolia ssp. oxycarpa 'Raywood',151.187855,-33.887071,University of Sydney
Fraxinus angustifolia ssp. oxycarpa 'Raywood',151.187903,-33.887051,University of Sydney
Fraxinus angustifolia ssp. oxycarpa 'Raywood',150.652968,-34.03571,University of Sydney
Fraxinus angustifolia ssp. oxycarpa 'Raywood',150.656106,-34.036355,University of Sydney
Fraxinus angustifolia ssp. oxycarpa 'Raywood',150.656128,-34.036148,University of Sydney
Fraxinus angustifolia ssp. oxycarpa 'Raywood',150.655901,-34.036202,University of Sydney
Fraxinus angustifolia ssp. oxycarpa 'Raywood',150.655816,-34.036459,University of Sydney
Fraxinus angustifolia ssp. oxycarpa 'Raywood',150.655684,-34.036348,University of Sydney
Fraxinus angustifolia ssp. oxycarpa 'Raywood',150.655728,-34.036157,University of Sydney
Fraxinus angustifolia ssp. oxycarpa 'Raywood',150.655775,-34.036161,University of Sydney
Fraxinus angustifolia ssp. oxycarpa 'Raywood',150.655794,-34.036188,University of Sydney
Fraxinus excelsior 'Aurea',150.656471,-34.036154,University of Sydney
Ulmus glabra 'Lutescens',150.653314,-34.035972,University of Sydney
Ulmus glabra 'Lutescens',150.653468,-34.035939,University of Sydney
Ulmus glabra 'Lutescens',150.653641,-34.03592,University of Sydney
Ulmus glabra 'Lutescens',150.6527,-34.032626,University of Sydney
Ulmus glabra 'Lutescens',150.652682,-34.032682,University of Sydney
Ulmus glabra 'Lutescens',150.655873,-34.036251,University of Sydney
Eucalyptus eugenioides,150.666366,-34.0183,University of Sydney
Eucalyptus eugenioides,150.66775,-34.018083,University of Sydney
Eucalyptus eugenioides,150.66827,-34.017892,University of Sydney
Eucalyptus eugenioides,150.668066,-34.017938,University of Sydney
Eucalyptus eugenioides,150.668214,-34.017764,University of Sydney
Eucalyptus eugenioides,150.6681,-34.017728,University of Sydney
Eucalyptus eugenioides,150.668131,-34.017809,University of Sydney
Eucalyptus eugenioides,150.668104,-34.017774,University of Sydney
Eucalyptus eugenioides,150.668045,-34.01784,University of Sydney
Eucalyptus eugenioides,150.668055,-34.01779,University of Sydney
Eucalyptus eugenioides,150.668027,-34.01779,University of Sydney
Eucalyptus eugenioides,150.667942,-34.01776,University of Sydney
Eucalyptus tereticornis,150.646025,-34.053749,University of Sydney
Eucalyptus tereticornis,150.65366,-34.036084,University of Sydney
Eucalyptus tereticornis,150.653436,-34.035564,University of Sydney
Eucalyptus tereticornis,150.653491,-34.035504,University of Sydney
Eucalyptus tereticornis,150.653219,-34.035432,University of Sydney
Eucalyptus tereticornis,150.65499,-34.036164,University of Sydney
Eucalyptus tereticornis,150.653565,-34.035518,University of Sydney
Eucalyptus tereticornis,150.653659,-34.035536,University of Sydney
Eucalyptus tereticornis,150.653848,-34.035633,University of Sydney
Eucalyptus tereticornis,150.654791,-34.034865,University of Sydney
Eucalyptus tereticornis,150.65396,-34.034897,University of Sydney
Eucalyptus tereticornis,150.653983,-34.034823,University of Sydney
Eucalyptus tereticornis,150.656731,-34.034828,University of Sydney
Eucalyptus tereticornis,150.656815,-34.034811,University of Sydney
Eucalyptus tereticornis,150.656514,-34.032017,University of Sydney
Eucalyptus tereticornis,150.65667,-34.032418,University of Sydney
Eucalyptus tereticornis,150.656655,-34.032453,University of Sydney
Eucalyptus tereticornis,150.657333,-34.031073,University of Sydney
Eucalyptus tereticornis,150.657757,-34.030398,University of Sydney
Eucalyptus tereticornis,150.657698,-34.028945,University of Sydney
Eucalyptus tereticornis,150.657505,-34.029049,University of Sydney
Eucalyptus tereticornis,150.656986,-34.028924,University of Sydney
Eucalyptus tereticornis,150.658168,-34.028245,University of Sydney
Eucalyptus tereticornis,150.65816,-34.028211,University of Sydney
Eucalyptus tereticornis,150.658257,-34.028115,University of Sydney
Eucalyptus tereticornis,150.658365,-34.027871,University of Sydney
Eucalyptus tereticornis,150.65837,-34.027717,University of Sydney
Eucalyptus tereticornis,150.652629,-34.035844,University of Sydney
Eucalyptus tereticornis,150.654937,-34.032155,University of Sydney
Eucalyptus moluccana,150.656479,-34.03435,University of Sydney
Eucalyptus moluccana,150.657011,-34.034041,University of Sydney
Eucalyptus moluccana,150.657024,-34.033696,University of Sydney
Eucalyptus moluccana,150.656993,-34.033629,University of Sydney
Eucalyptus moluccana,150.656915,-34.033162,University of Sydney
Eucalyptus moluccana,150.657345,-34.031032,University of Sydney
Eucalyptus moluccana,150.657356,-34.03095,University of Sydney
Eucalyptus moluccana,150.657491,-34.030968,University of Sydney
Eucalyptus moluccana,150.65748,-34.031995,University of Sydney
Eucalyptus moluccana,150.658072,-34.030966,University of Sydney
Eucalyptus moluccana,150.658075,-34.030895,University of Sydney
Eucalyptus moluccana,150.658116,-34.030806,University of Sydney
Eucalyptus moluccana,150.658127,-34.030773,University of Sydney
Eucalyptus moluccana,150.658528,-34.03078,University of Sydney
Eucalyptus moluccana,150.658616,-34.030888,University of Sydney
Eucalyptus moluccana,150.658646,-34.03081,University of Sydney
Eucalyptus moluccana,150.658644,-34.030872,University of Sydney
Eucalyptus moluccana,150.658719,-34.030901,University of Sydney
Eucalyptus moluccana,150.658767,-34.030987,University of Sydney
Eucalyptus moluccana,150.658662,-34.030457,University of Sydney
Eucalyptus moluccana,150.658751,-34.030217,University of Sydney
Eucalyptus moluccana,150.659325,-34.036156,University of Sydney
Eucalyptus moluccana,150.652833,-34.03595,University of Sydney
Eucalyptus moluccana,150.655924,-34.036584,University of Sydney
Eucalyptus racemosa,151.192508,-33.890863,University of Sydney
Eucalyptus racemosa,151.162266,-33.864049,University of Sydney
Eucalyptus racemosa,151.162212,-33.864002,University of Sydney
Eucalyptus racemosa,151.162183,-33.86404,University of Sydney
Eucalyptus racemosa,150.655108,-34.034617,University of Sydney
Allocasuarina sp.,151.29793,-33.549443,University of Sydney
Allocasuarina sp.,151.299158,-33.549166,University of Sydney
Allocasuarina sp.,151.29794,-33.549234,University of Sydney
Allocasuarina sp.,151.298588,-33.549392,University of Sydney
Hakea salicifolia,151.298875,-33.54936,University of Sydney
Doryfora sassafras,151.299172,-33.54906,University of Sydney
Metasequoia  glyptostroboides,151.18578,-33.886366,University of Sydney
Fortuna (statue),151.1882,-33.885664,University of Sydney
Mercury (statue),151.188111,-33.885666,University of Sydney
Untitled,151.192293,-33.889449,University of Sydney
The Student,151.190072,-33.885392,University of Sydney
Female figure,151.18927,-33.885407,University of Sydney
Ginkgo biloba,151.188988,-33.8876,University of Sydney
Ginkgo biloba,151.189048,-33.888171,University of Sydney
Ginkgo biloba,151.189397,-33.889388,University of Sydney
Ginkgo biloba,151.163694,-33.865005,University of Sydney
Phoenix sp.,151.163313,-33.867371,University of Sydney
Alloxylon flammeum,151.048418,-33.882834,University of Sydney
Alloxylon flammeum,151.18989,-33.888248,University of Sydney
Alloxylon flammeum,151.189848,-33.88825,University of Sydney
Alloxylon flammeum,151.189783,-33.888257,University of Sydney
Alloxylon flammeum,151.189741,-33.888262,University of Sydney
Alloxylon flammeum,151.189759,-33.888379,University of Sydney
Alloxylon flammeum,151.189754,-33.888421,University of Sydney
Alloxylon flammeum,151.189761,-33.888473,University of Sydney
Alloxylon flammeum,151.189765,-33.888521,University of Sydney
Alloxylon flammeum,151.189775,-33.88856,University of Sydney
Alloxylon flammeum,151.189785,-33.888596,University of Sydney
Alloxylon flammeum,151.189813,-33.888723,University of Sydney
Alloxylon flammeum,151.189821,-33.88877,University of Sydney
Alloxylon flammeum,151.189825,-33.88881,University of Sydney
Alloxylon flammeum,151.189832,-33.888858,University of Sydney
Alloxylon flammeum,151.189832,-33.88889,University of Sydney
Alloxylon flammeum,151.189843,-33.888932,University of Sydney
Angophora bakeri,151.048956,-33.882927,University of Sydney
Angophora bakeri,151.048313,-33.883147,University of Sydney
Angophora bakeri,151.049634,-33.880784,University of Sydney
Callitris endlicheri,151.047854,-33.882707,University of Sydney
Cupressus sp.,151.049078,-33.883128,University of Sydney
Cupressus sp.,151.048981,-33.882946,University of Sydney
Phoenix dactylifera,151.049311,-33.881819,University of Sydney
Eucalyptus fibrosa,151.050386,-33.882144,University of Sydney
Eucalyptus fibrosa,151.05043,-33.882152,University of Sydney
Eucalyptus fibrosa,151.050461,-33.882181,University of Sydney
Eucalyptus fibrosa,151.050449,-33.882228,University of Sydney
Eucalyptus fibrosa,151.050495,-33.882232,University of Sydney
Eucalyptus fibrosa,151.050508,-33.88227,University of Sydney
Eucalyptus fibrosa,151.050446,-33.882269,University of Sydney
Eucalyptus fibrosa,151.050456,-33.882298,University of Sydney
Eucalyptus fibrosa,151.050528,-33.88232,University of Sydney
Eucalyptus fibrosa,151.05055,-33.882385,University of Sydney
Eucalyptus fibrosa,151.050491,-33.882388,University of Sydney
Eucalyptus fibrosa,151.050726,-33.882709,University of Sydney
Eucalyptus fibrosa,151.050695,-33.882721,University of Sydney
Eucalyptus fibrosa,151.050733,-33.882784,University of Sydney
Eucalyptus fibrosa,151.050746,-33.882813,University of Sydney
Eucalyptus fibrosa,151.048207,-33.883548,University of Sydney
Eucalyptus fibrosa,151.048934,-33.880944,University of Sydney
Strelitzia sp.,151.04768,-33.882213,University of Sydney
Elaeocarpus eumundi,151.0488,-33.882706,University of Sydney
Elaeocarpus eumundi,151.187785,-33.886652,University of Sydney
Elaeocarpus eumundi,151.187825,-33.88667,University of Sydney
Elaeocarpus eumundi,151.192986,-33.889548,University of Sydney
Dracena draco,151.163014,-33.864669,University of Sydney
Dracena draco,151.163543,-33.86554,University of Sydney
Dracena draco,151.163584,-33.865241,University of Sydney
Dracena draco,151.163637,-33.86645,University of Sydney
Dracena draco,151.163653,-33.866153,University of Sydney
Dracena marginata,151.16367,-33.865722,University of Sydney
Dracena marginata,151.163653,-33.866035,University of Sydney
Viburnum sp.,151.162004,-33.866076,University of Sydney
Viburnum sp.,151.161727,-33.866113,University of Sydney
Viburnum sp.,151.161616,-33.866824,University of Sydney
Viburnum sp.,151.16159,-33.866874,University of Sydney
Viburnum sp.,151.163487,-33.866894,University of Sydney
Cupressus funebris,151.163444,-33.866751,University of Sydney
Cupressus funebris,151.163494,-33.866683,University of Sydney
Syagrus romanzoffiana,150.655177,-34.035246,University of Sydney
Syagrus romanzoffiana,150.655194,-34.035199,University of Sydney
Syagrus romanzoffiana,151.047798,-33.881456,University of Sydney
Catalpa bignonioides,151.163114,-33.866231,University of Sydney
Glochidion ferdinandi,151.193005,-33.890636,University of Sydney
Glochidion ferdinandi,151.192991,-33.890671,University of Sydney
Glochidion ferdinandi,151.19298,-33.890701,University of Sydney
Glochidion ferdinandi,151.162744,-33.863986,University of Sydney
Glochidion ferdinandi,151.162344,-33.863918,University of Sydney
Hibiscus sp.,151.162392,-33.864111,University of Sydney
Hesperocyparis glabra,151.161795,-33.864948,University of Sydney
Duranta erecta,151.162203,-33.865638,University of Sydney
Rothmannia globosa,151.163125,-33.864785,University of Sydney
Sequoia sempervirens,151.184444,-33.887222,University of Sydney
dead tree,150.655558,-34.035475,University of Sydney
dead tree,150.657042,-34.033609,University of Sydney
dead tree,151.050562,-33.882434,University of Sydney
To be,151.189848,-33.889196,University of Sydney
Ethics and Economics,151.185139,-33.885501,University of Sydney
Garabara,151.185185,-33.885372,University of Sydney
Spine 1 (universe),151.190243,-33.888861,University of Sydney
Spine 2,151.189961,-33.888789,University of Sydney
Spine 3 (radiance),151.190203,-33.888432,University of Sydney
Individuals,151.190652,-33.887501,University of Sydney
Male figure,151.189257,-33.885334,University of Sydney
Horse,151.188264,-33.88573,University of Sydney
Gilgamesh,151.186178,-33.887102,University of Sydney
Asklepios,151.189577,-33.887236,University of Sydney
Mephistopheles Fountain,151.187295,-33.88552,University of Sydney
The Sea,151.19021,-33.890619,University of Sydney
From photomicrograph calcium chloride crystals,151.189341,-33.887726,University of Sydney
From zinc oxide smoke electron micrograph,151.189337,-33.887669,University of Sydney
Lloyd Rees,151.191921,-33.888662,University of Sydney
Turner Fountain,151.186463,-33.886745,University of Sydney
Nikolai Miklouho-Maclay	,151.188062,-33.885252,University of Sydney
Spring,151.18605,-33.88677,University of Sydney
Henry Normand Maclaurin,151.188378,-33.886363,University of Sydney
Pisonia grandis,152.092181,-23.507798,University of Sydney
Eucalyptus populnea,149.86172,-30.2655,University of Sydney
Eucalyptus populnea,149.87386,-30.27454,University of Sydney
Eucalyptus populnea,149.87399,-30.27481,University of Sydney
Eucalyptus populnea,149.87372,-30.274995,University of Sydney
Eucalyptus populnea,149.87372,-30.27496,University of Sydney
Eucalyptus populnea,149.87378,-30.27504,University of Sydney
Eucalyptus populnea,149.87496,-30.27501,University of Sydney
Eucalyptus populnea,149.87442,-30.27542,University of Sydney
Eucalyptus populnea,149.87415,-30.27534,University of Sydney
Eucalyptus populnea,149.87379,-30.27627,University of Sydney
Eucalyptus populnea,149.87376,-30.27627,University of Sydney
Eucalyptus populnea,149.87376,-30.27627,University of Sydney
Eucalyptus populnea,149.87345,-30.27656,University of Sydney
Eucalyptus populnea,149.8737,-30.27652,University of Sydney
Eucalyptus populnea,149.87348,-30.27675,University of Sydney
Eucalyptus populnea,149.87361,-30.27754,University of Sydney
Eucalyptus populnea,149.87451,-30.27766,University of Sydney
Eucalyptus populnea,149.87337,-30.27268,University of Sydney
Eucalyptus populnea,149.8773,-30.28225,University of Sydney
Eucalyptus populnea,149.87904,-30.28125,University of Sydney
Eucalyptus populnea,149.86855,-30.26975,University of Sydney
Acacia pendula,149.80571,-30.27076,University of Sydney
Eucalyptus blakelyi,149.8604,-30.27022,University of Sydney
Alphitonia excelsa,149.86638,-30.26992,University of Sydney
juguma,151.185518,-33.888789,University of Sydney
Acacia suaveolens,151.18233,-33.88611,University of Sydney
Brachyscome  multifida,151.1826,-33.88634,University of Sydney
Bauera rubioides,151.18251,-33.88628,University of Sydney
Epacris longiflora,151.1825,-33.88626,University of Sydney
Acacia ulicifolia,151.18219,-33.88613,University of Sydney
Gonocarpus teucrioides,151.18228,-33.88624,University of Sydney
Westringia fruticosa,151.18231,-33.88628,University of Sydney
Baeckea imbricata,151.18239,-33.88633,University of Sydney
Kunzea ambigua,151.1825,-33.88631,University of Sydney
Syzygium unipunctata,151.18257,-33.88636,University of Sydney
Syzygium wilsonii (subsp. wilsonii),151.18259,-33.88636,University of Sydney
Pittosporum angustifolium,151.18251,-33.88635,University of Sydney
Banksia ericifolia,151.18279,-33.8865,University of Sydney
Banksia marginata,151.18277,-33.88648,University of Sydney
Hakea gibbosa,151.18288,-33.88652,University of Sydney
Hakea teretifolia,151.1829,-33.88653,University of Sydney
Citrus australasica,151.1829,-33.8865,University of Sydney
Correa redex,151.18294,-33.8864,University of Sydney
Glycosmis trifolata,151.1829,-33.88638,University of Sydney
Diploglottis campbellii,151.18286,-33.8864,University of Sydney
Alpinia caerulea,151.18271,-33.88641,University of Sydney
Pipturus argenteus	,151.18283,-33.88639,University of Sydney
Melaleuca squamea,151.1825,-33.88626,University of Sydney
Melaleuca nodosa,151.18256,-33.88632,University of Sydney
The Echoing of Knowledge from Confrontation 2022,151.190073,-33.887585,University of Sydney
Eucalyptus melanophloia,149.87267,-30.25403,University of Sydney
Eucalyptus melanophloia,149.873832,-30.253161,University of Sydney
Fraxinus griffithii ,147.592563,-33.939504,University of Sydney
Fraxinus griffithii ,147.592564,-33.939496,University of Sydney
Fraxinus griffithii ,147.592565,-33.939479,University of Sydney
Fraxinus griffithii ,147.592566,-33.939466,University of Sydney
Fraxinus griffithii ,147.592587,-33.939136,University of Sydney
Fraxinus griffithii ,147.592568,-33.939427,University of Sydney
Fraxinus griffithii ,147.592567,-33.93945,University of Sydney
Fraxinus griffithii ,147.592574,-33.939342,University of Sydney
Fraxinus griffithii ,147.592538,-33.939905,University of Sydney
Fraxinus griffithii ,147.59254,-33.939866,University of Sydney
Alectryon oleifolius,149.85011,-30.26085,University of Sydney
Alectryon oleifolius,149.84978,-30.26101,University of Sydney
Alectryon oleifolius,149.8494,-30.26112,University of Sydney
Alectryon oleifolius,149.849,-30.26064,University of Sydney
Alectryon oleifolius,149.84906,-30.26064,University of Sydney
Alectryon oleifolius,149.84909,-30.26068,University of Sydney
Alectryon oleifolius,149.84915,-30.26064,University of Sydney
Alectryon oleifolius,149.84914,-30.26037,University of Sydney
Alectryon oleifolius,149.84923,-30.26039,University of Sydney
Alectryon oleifolius,149.84923,-30.2603,University of Sydney
Alectryon oleifolius,149.84932,-30.26037,University of Sydney
Alectryon oleifolius,149.8494,-30.26053,University of Sydney
Alectryon oleifolius,149.8494,-30.26053,University of Sydney
Alectryon oleifolius,149.84932,-30.26059,University of Sydney
Alectryon oleifolius,149.8494,-30.26067,University of Sydney
Alectryon oleifolius,149.84953,-30.26079,University of Sydney
Alectryon oleifolius,149.84955,-30.26077,University of Sydney
Alectryon oleifolius,149.85151,-30.26034,University of Sydney
Alectryon oleifolius,149.85096,-30.26064,University of Sydney
Alectryon oleifolius,149.85089,-30.26068,University of Sydney
Alectryon oleifolius,149.85069,-30.26038,University of Sydney
Alectryon oleifolius,149.85045,-30.2606,University of Sydney
Alectryon oleifolius,149.8504,-30.26049,University of Sydney
Alectryon oleifolius,149.85028,-30.26042,University of Sydney
Alectryon oleifolius,149.8507,-30.25971,University of Sydney
Alectryon oleifolius,149.85012,-30.26024,University of Sydney
Alectryon oleifolius,149.85009,-30.26022,University of Sydney
Alectryon oleifolius,149.84998,-30.26028,University of Sydney
Alectryon oleifolius,149.84981,-30.26025,University of Sydney
Alectryon oleifolius,149.85082,-30.26061,University of Sydney
Alectryon oleifolius,149.84988,-30.2603,University of Sydney
Alectryon oleifolius,149.84975,-30.26025,University of Sydney
Alectryon oleifolius,149.84971,-30.26029,University of Sydney
Alectryon oleifolius,149.84969,-30.26033,University of Sydney
Alectryon oleifolius,149.84978,-30.2605,University of Sydney
Alectryon oleifolius,149.85012,-30.26087,University of Sydney
Alectryon oleifolius,149.87415,-30.27381,University of Sydney
Alectryon oleifolius,149.8743,-30.2743,University of Sydney
Alectryon oleifolius,149.87401,-30.27471,University of Sydney
Alectryon oleifolius,149.87402,-30.2748,University of Sydney
Alectryon oleifolius,149.87379,-30.27472,University of Sydney
Alectryon oleifolius,149.87457,-30.27496,University of Sydney
Alectryon oleifolius,149.87457,-30.27496,University of Sydney
Alectryon oleifolius,149.87493,-30.275,University of Sydney
Alectryon oleifolius,149.87454,-30.27396,University of Sydney
Alectryon oleifolius,149.87457,-30.27425,University of Sydney
Alectryon oleifolius,149.87463,-30.27426,University of Sydney
Alectryon oleifolius,149.87508,-30.27461,University of Sydney
Alectryon oleifolius,149.87492,-30.27468,University of Sydney
Alectryon oleifolius,149.87466,-30.27464,University of Sydney
Alectryon oleifolius,149.87471,-30.27475,University of Sydney
Alectryon oleifolius,149.87471,-30.27479,University of Sydney
Alectryon oleifolius,149.87513,-30.27482,University of Sydney
Alectryon oleifolius,149.87501,-30.27488,University of Sydney
Alectryon oleifolius,149.87427,-30.27541,University of Sydney
Alectryon oleifolius,149.87423,-30.27548,University of Sydney
Alectryon oleifolius,149.87413,-30.27564,University of Sydney
Alectryon oleifolius,149.87421,-30.27583,University of Sydney
Alectryon oleifolius,149.87424,-30.27581,University of Sydney
Alectryon oleifolius,149.87401,-30.27559,University of Sydney
Alectryon oleifolius,149.87398,-30.27553,University of Sydney
Alectryon oleifolius,149.8736,-30.27554,University of Sydney
Alectryon oleifolius,149.87386,-30.27574,University of Sydney
Alectryon oleifolius,149.87406,-30.27579,University of Sydney
Alectryon oleifolius,149.8741,-30.27578,University of Sydney
Alectryon oleifolius,149.8741,-30.27606,University of Sydney
Alectryon oleifolius,149.87404,-30.27608,University of Sydney
Alectryon oleifolius,149.87398,-30.27632,University of Sydney
Alectryon oleifolius,149.87419,-30.27657,University of Sydney
Alectryon oleifolius,149.87384,-30.27635,University of Sydney
Alectryon oleifolius,149.8738,-30.27634,University of Sydney
Alectryon oleifolius,149.87382,-30.27633,University of Sydney
Alectryon oleifolius,149.87374,-30.27639,University of Sydney
Alectryon oleifolius,149.87365,-30.27628,University of Sydney
Alectryon oleifolius,149.8734,-30.2764,University of Sydney
Alectryon oleifolius,149.87342,-30.27647,University of Sydney
Alectryon oleifolius,149.87357,-30.27669,University of Sydney
Alectryon oleifolius,149.87371,-30.2768,University of Sydney
Alectryon oleifolius,149.87328,-30.27729,University of Sydney
Alectryon oleifolius,149.8734,-30.27745,University of Sydney
Alectryon oleifolius,149.87342,-30.27747,University of Sydney
Alectryon oleifolius,149.87364,-30.27754,University of Sydney
Alectryon oleifolius,149.87382,-30.27754,University of Sydney
Alectryon oleifolius,149.87446,-30.27748,University of Sydney
Alectryon oleifolius,149.87418,-30.27504,University of Sydney
Opuntia monacantha,149.84977,-30.26026,University of Sydney
Opuntia monacantha,149.84981,-30.26048,University of Sydney
Opuntia monacantha,149.87434,-30.27533,University of Sydney
Opuntia monacantha,149.87411,-30.27559,University of Sydney
Opuntia monacantha,149.87406,-30.27538,University of Sydney
Opuntia monacantha,149.87398,-30.27578,University of Sydney
Opuntia monacantha,149.87372,-30.2775,University of Sydney
Opuntia monacantha,149.87374,-30.2775,University of Sydney
Eremophila mitchellii,149.87389,-30.2743,University of Sydney
Eremophila mitchellii,149.8739,-30.27431,University of Sydney
Eremophila mitchellii,149.87407,-30.27475,University of Sydney
Eremophila mitchellii,149.87401,-30.27478,University of Sydney
Eremophila mitchellii,149.87392,-30.27473,University of Sydney
Eremophila mitchellii,149.87383,-30.2747,University of Sydney
Eremophila mitchellii,149.87424,-30.27496,University of Sydney
Geijera parviflora,149.87366,-30.27444,University of Sydney
Geijera parviflora,149.87708,-30.28207,University of Sydney
Geijera parviflora,149.87372,-30.28325,University of Sydney
Geijera parviflora,149.88069,-30.2822,University of Sydney
Geijera parviflora,149.88071,-30.28217,University of Sydney
Geijera parviflora,149.88071,-30.28216,University of Sydney
Geijera parviflora,149.87766,-30.28217,University of Sydney
Geijera parviflora,149.86642,-30.26987,University of Sydney
Geijera parviflora,149.86885,-30.27092,University of Sydney
Geijera parviflora,149.86916,-30.27086,University of Sydney
Geijera parviflora,149.8692,-30.27128,University of Sydney
Geijera parviflora,149.86841,-30.26951,University of Sydney
Geijera parviflora,149.86858,-30.26975,University of Sydney
Geijera parviflora,149.86865,-30.26999,University of Sydney
Geijera parviflora,149.86943,-30.27,University of Sydney
Geijera parviflora,149.86873,-30.27007,University of Sydney
Geijera parviflora,149.86953,-30.27016,University of Sydney
Geijera parviflora,149.86905,-30.27072,University of Sydney
Geijera parviflora,149.86906,-30.27081,University of Sydney
Geijera parviflora,149.86908,-30.27068,University of Sydney
Geijera parviflora,149.86909,-30.27071,University of Sydney
Geijera parviflora,149.86911,-30.27066,University of Sydney
Geijera parviflora,149.86913,-30.27069,University of Sydney
Geijera parviflora,149.86913,-30.27086,University of Sydney
Geijera parviflora,149.86914,-30.27078,University of Sydney
Geijera parviflora,149.86916,-30.27082,University of Sydney
Casuarina cristata,149.87393,-30.274,University of Sydney
Casuarina cristata,149.87389,-30.27407,University of Sydney
Casuarina cristata,149.87387,-30.27409,University of Sydney
Casuarina cristata,149.87384,-30.27424,University of Sydney
Casuarina cristata,149.87393,-30.27432,University of Sydney
Casuarina cristata,149.87401,-30.27433,University of Sydney
Casuarina cristata,149.8741,-30.27415,University of Sydney
Casuarina cristata,149.87421,-30.27408,University of Sydney
Casuarina cristata,149.87422,-30.2741,University of Sydney
Casuarina cristata,149.87424,-30.27416,University of Sydney
Casuarina cristata,149.87428,-30.27406,University of Sydney
Casuarina cristata,149.87434,-30.27407,University of Sydney
Casuarina cristata,149.87436,-30.27404,University of Sydney
Casuarina cristata,149.87436,-30.27407,University of Sydney
Casuarina cristata,149.87401,-30.27432,University of Sydney
Casuarina cristata,149.87404,-30.2743,University of Sydney
Casuarina cristata,149.87383,-30.27448,University of Sydney
Casuarina cristata,149.87416,-30.27452,University of Sydney
Casuarina cristata,149.87421,-30.27444,University of Sydney
Casuarina cristata,149.87431,-30.27441,University of Sydney
Casuarina cristata,149.87425,-30.27431,University of Sydney
Casuarina cristata,149.87445,-30.27449,University of Sydney
Casuarina cristata,149.87422,-30.27459,University of Sydney
Casuarina cristata,149.87444,-30.27457,University of Sydney
Casuarina cristata,149.87422,-30.27461,University of Sydney
Casuarina cristata,149.87422,-30.27451,University of Sydney
Casuarina cristata,149.87428,-30.27469,University of Sydney
Casuarina cristata,149.8741,-30.27465,University of Sydney
Casuarina cristata,149.87404,-30.27466,University of Sydney
Casuarina cristata,149.87407,-30.27465,University of Sydney
Casuarina cristata,149.87393,-30.27473,University of Sydney
Casuarina cristata,149.8739,-30.27472,University of Sydney
Casuarina cristata,149.8741,-30.27491,University of Sydney
Casuarina cristata,149.87415,-30.27488,University of Sydney
Casuarina cristata,149.87419,-30.27491,University of Sydney
Casuarina cristata,149.87437,-30.27498,University of Sydney
Casuarina cristata,149.87462,-30.27471,University of Sydney
Casuarina cristata,149.87445,-30.27473,University of Sydney
Casuarina cristata,149.8743,-30.27499,University of Sydney
Casuarina cristata,149.87428,-30.275,University of Sydney
Casuarina cristata,149.87427,-30.275,University of Sydney
Casuarina cristata,149.87427,-30.27502,University of Sydney
Casuarina cristata,149.87427,-30.27501,University of Sydney
Casuarina cristata,149.87463,-30.27399,University of Sydney
Casuarina cristata,149.87448,-30.2742,University of Sydney
Casuarina cristata,149.87497,-30.27435,University of Sydney
Casuarina cristata,149.87482,-30.27443,University of Sydney
Casuarina cristata,149.87463,-30.27446,University of Sydney
Casuarina cristata,149.87464,-30.27454,University of Sydney
Casuarina cristata,149.87466,-30.27454,University of Sydney
Casuarina cristata,149.87487,-30.27452,University of Sydney
Casuarina cristata,149.87479,-30.27468,University of Sydney
Casuarina cristata,149.87491,-30.27466,University of Sydney
Casuarina cristata,149.87502,-30.27479,University of Sydney
Casuarina cristata,149.87497,-30.2748,University of Sydney
Casuarina cristata,149.87491,-30.27482,University of Sydney
Casuarina cristata,149.87487,-30.27486,University of Sydney
Casuarina cristata,149.86566,-30.26934,University of Sydney
Casuarina cristata,149.8658,-30.26919,University of Sydney
Casuarina cristata,149.8658,-30.26921,University of Sydney
Casuarina cristata,149.86583,-30.26923,University of Sydney
Casuarina cristata,149.8662,-30.26917,University of Sydney
Casuarina cristata,149.86623,-30.26912,University of Sydney
Casuarina cristata,149.86646,-30.26912,University of Sydney
Casuarina cristata,149.86667,-30.26968,University of Sydney
Casuarina cristata,149.86682,-30.26944,University of Sydney
Casuarina cristata,149.86726,-30.2698,University of Sydney
Casuarina cristata,149.86749,-30.2699,University of Sydney
Casuarina cristata,149.86766,-30.2698,University of Sydney
Casuarina cristata,149.86792,-30.26987,University of Sydney
Casuarina cristata,149.86897,-30.27069,University of Sydney
Casuarina cristata,149.86903,-30.2707,University of Sydney
Casuarina cristata,149.86905,-30.27071,University of Sydney
Casuarina cristata,149.86909,-30.27065,University of Sydney
Casuarina cristata,149.86925,-30.27074,University of Sydney
Casuarina cristata,149.86925,-30.27079,University of Sydney
Casuarina cristata,149.86926,-30.2708,University of Sydney
Casuarina cristata,149.86804,-30.26868,University of Sydney
Casuarina cristata,149.86766,-30.26904,University of Sydney
Casuarina cristata,149.86847,-30.26909,University of Sydney
Casuarina cristata,149.86789,-30.26925,University of Sydney
Casuarina cristata,149.86755,-30.26941,University of Sydney
Casuarina cristata,149.86911,-30.27089,University of Sydney
Casuarina cristata,149.86908,-30.27092,University of Sydney
Casuarina cristata,149.86909,-30.27097,University of Sydney
Casuarina cristata,149.86896,-30.27107,University of Sydney
Casuarina cristata,149.86888,-30.27119,University of Sydney
Casuarina cristata,149.86873,-30.27126,University of Sydney
Casuarina cristata,149.86865,-30.27136,University of Sydney
Corymbia sp.,151.192949,-33.889,University of Sydney
Prunus cerasifera ,151.186131,-33.885694,University of Sydney
Prunus cerasifera ,151.186062,-33.885699,University of Sydney
Prunus cerasifera ,151.186007,-33.885709,University of Sydney
Prunus sp.,151.186202,-33.886199,University of Sydney
Acacia dealbata,151.191112,-33.892542,University of Sydney
Buckinghamia celsissima,151.186451,-33.886138,University of Sydney
Elaeocarpus grandis ,151.186472,-33.88594,University of Sydney
Eucalyptus cinerea,150.66699,-34.017695,University of Sydney
Liriodendron tulipifera,151.183711,-33.886049,University of Sydney
Liriodendron tulipifera,151.189367,-33.887382,University of Sydney
Liriodendron tulipifera,151.189594,-33.890755,University of Sydney
Liriodendron tulipifera,151.189341,-33.891011,University of Sydney
Quercus palustris,151.184526,-33.885605,University of Sydney
Nyssa sylvatica ,151.186074,-33.886153,University of Sydney
Populus sp.,151.186779,-33.886128,University of Sydney
Ficus sp.,151.188684,-33.891448,University of Sydney
Fraxinus sp.,151.18345,-33.886095,University of Sydney
Palm sp.,151.186465,-33.885967,University of Sydney
Camellia sp.,151.188783,-33.885239,University of Sydney
Camellia sp.,151.188769,-33.885159,University of Sydney
Camellia sp.,151.188763,-33.885142,University of Sydney
Camellia sp.,151.188748,-33.885085,University of Sydney
Camellia sp.,151.188754,-33.885038,University of Sydney
Camellia sp.,151.188796,-33.885032,University of Sydney
Camellia sp.,151.18862,-33.885249,University of Sydney
Camellia sp.,151.188515,-33.88525,University of Sydney
Camellia sp.,151.188415,-33.885266,University of Sydney
Camellia sp.,151.188394,-33.885265,University of Sydney
Camellia sp.,151.188377,-33.885269,University of Sydney
Camellia sp.,151.188352,-33.885271,University of Sydney
Camellia sp.,151.18833,-33.885273,University of Sydney
Camellia sp.,151.18831,-33.885276,University of Sydney
Camellia sp.,151.188293,-33.885277,University of Sydney
Camellia sp.,151.188276,-33.885277,University of Sydney
Camellia sp.,151.188254,-33.885282,University of Sydney
Camellia sp.,151.188232,-33.885284,University of Sydney
Camellia sp.,151.188141,-33.885631,University of Sydney
Camellia sp.,151.188169,-33.885644,University of Sydney
Camellia sp.,151.18817,-33.885625,University of Sydney
Camellia sp.,151.188243,-33.88567,University of Sydney
Camellia sp.,151.188259,-33.885655,University of Sydney
Camellia sp.,151.188259,-33.885668,University of Sydney
Camellia sp.,151.188291,-33.885624,University of Sydney
Camellia sp.,151.188199,-33.885774,University of Sydney
Camellia sp.,151.188211,-33.885756,University of Sydney
Camellia sp.,151.188192,-33.885745,University of Sydney
Camellia sp.,151.188156,-33.885729,University of Sydney
Camellia sp.,151.188142,-33.885726,University of Sydney
Camellia sp.,151.188119,-33.885725,University of Sydney
Camellia sp.,151.188101,-33.885724,University of Sydney
Camellia sp.,151.188079,-33.885722,University of Sydney
Camellia sp.,151.18808,-33.885687,University of Sydney
Camellia sp.,151.188105,-33.885686,University of Sydney
Camellia sp.,151.188122,-33.885685,University of Sydney
Camellia sp.,151.188124,-33.885695,University of Sydney
Camellia sp.,151.188344,-33.885998,University of Sydney
Camellia sp.,151.188297,-33.88597,University of Sydney
Camellia sp.,151.188198,-33.885968,University of Sydney
Camellia sp.,151.188163,-33.885971,University of Sydney
Camellia sp.,151.188123,-33.885973,University of Sydney
Camellia sp.,151.188082,-33.885981,University of Sydney
Camellia sp.,151.188057,-33.886102,University of Sydney
Camellia sp.,151.188334,-33.886048,University of Sydney
Camellia sp.,151.18834,-33.886105,University of Sydney
Camellia sp.,151.188345,-33.886138,University of Sydney
Camellia sp.,151.187972,-33.885319,University of Sydney
Camellia sp.,151.187962,-33.885304,University of Sydney
Camellia sp.,151.187963,-33.885276,University of Sydney
Camellia sp.,151.187963,-33.885253,University of Sydney
Camellia sp.,151.187959,-33.88521,University of Sydney
Camellia sp.,151.187439,-33.885381,University of Sydney
Camellia sp.,151.187443,-33.885388,University of Sydney
Camellia sp.,151.187431,-33.885395,University of Sydney
Camellia sp.,151.187403,-33.885414,University of Sydney
Camellia sp.,151.187367,-33.885412,University of Sydney
Camellia sp.,151.187395,-33.885394,University of Sydney
Camellia sp.,151.18745,-33.88535,University of Sydney
Camellia sp.,151.18739,-33.88552,University of Sydney
Camellia sp.,151.18726,-33.885527,University of Sydney
Camellia sp.,151.187172,-33.885555,University of Sydney
Camellia sp.,151.187129,-33.885559,University of Sydney
Camellia sp.,151.187108,-33.885556,University of Sydney
Camellia sp.,151.187076,-33.885559,University of Sydney
Camellia sp.,151.187204,-33.885403,University of Sydney
Camellia sp.,151.187011,-33.885436,University of Sydney
Camellia sp.,151.186874,-33.885454,University of Sydney
Camellia sp.,151.186792,-33.885461,University of Sydney
Camellia sp.,151.186769,-33.885368,University of Sydney
Camellia sp.,151.186751,-33.88535,University of Sydney
Camellia sp.,151.186586,-33.885451,University of Sydney
Camellia sp.,151.186588,-33.885438,University of Sydney
Camellia sp.,151.186591,-33.885408,University of Sydney
Camellia sp.,151.186592,-33.885382,University of Sydney
Camellia sp.,151.186651,-33.885242,University of Sydney
Camellia sp.,151.186685,-33.885237,University of Sydney
Camellia sp.,151.186708,-33.885233,University of Sydney
Camellia sp.,151.186731,-33.88523,University of Sydney
Camellia sp.,151.186747,-33.88523,University of Sydney
Camellia sp.,151.18677,-33.885226,University of Sydney
Camellia sp.,151.188783,-33.886484,University of Sydney
Camellia sp.,151.18891,-33.886606,University of Sydney
Camellia sp.,151.189228,-33.886527,University of Sydney
Camellia sp.,151.188807,-33.886623,University of Sydney
Camellia sp.,151.188698,-33.886712,University of Sydney
Camellia sp.,151.188737,-33.886641,University of Sydney
Camellia sp.,151.188723,-33.88662,University of Sydney
Camellia sp.,151.188716,-33.886595,University of Sydney
Camellia sp.,151.188711,-33.886562,University of Sydney
Camellia sp.,151.188679,-33.886543,University of Sydney
Camellia sp.,151.18863,-33.886539,University of Sydney
Camellia sp.,151.188582,-33.886546,University of Sydney
Camellia sp.,151.188556,-33.886548,University of Sydney
Camellia sp.,151.18857,-33.88656,University of Sydney
Camellia sp.,151.188525,-33.886552,University of Sydney
Camellia sp.,151.188491,-33.886558,University of Sydney
Camellia sp.,151.188457,-33.886564,University of Sydney
Camellia sp.,151.188435,-33.886573,University of Sydney
Camellia sp.,151.188418,-33.886565,University of Sydney
Camellia sp.,151.188383,-33.88658,University of Sydney
Camellia sp.,151.188361,-33.886573,University of Sydney
Camellia sp.,151.188328,-33.886581,University of Sydney
Camellia sp.,151.1883,-33.886567,University of Sydney
Camellia sp.,151.188288,-33.886546,University of Sydney
Camellia sp.,151.188261,-33.886559,University of Sydney
Camellia sp.,151.186872,-33.885597,University of Sydney
Camellia sp.,151.186846,-33.885603,University of Sydney
Camellia sp.,151.186826,-33.885603,University of Sydney
Camellia sp.,151.186811,-33.885603,University of Sydney
Camellia sp.,151.186795,-33.885601,University of Sydney
Camellia sp.,151.186761,-33.885601,University of Sydney
Camellia sp.,151.186731,-33.885604,University of Sydney
Camellia sp.,151.186661,-33.885605,University of Sydney
Camellia sp.,151.186628,-33.885609,University of Sydney
Camellia sp.,151.185319,-33.885451,University of Sydney
Camellia sp.,151.185321,-33.885458,University of Sydney
Camellia sp.,151.185322,-33.885479,University of Sydney
Camellia sp.,151.185322,-33.885492,University of Sydney
Camellia sp.,151.185325,-33.8855,University of Sydney
Camellia sp.,151.185371,-33.885567,University of Sydney
Camellia sp.,151.185409,-33.885565,University of Sydney
Camellia sp.,151.185438,-33.885567,University of Sydney
Camellia sp.,151.185497,-33.885578,University of Sydney
Camellia sp.,151.185353,-33.885663,University of Sydney
Camellia sp.,151.185363,-33.885623,University of Sydney
Camellia sp.,151.185406,-33.88562,University of Sydney
Camellia sp.,151.185421,-33.885622,University of Sydney
Camellia sp.,151.185404,-33.885668,University of Sydney
Camellia sp.,151.185421,-33.885667,University of Sydney
Camellia sp.,151.185441,-33.885666,University of Sydney
Camellia sp.,151.185461,-33.885664,University of Sydney
Camellia sp.,151.185479,-33.885649,University of Sydney
Camellia sp.,151.185643,-33.885546,University of Sydney
Camellia sp.,151.185666,-33.885544,University of Sydney
Camellia sp.,151.185714,-33.88554,University of Sydney
Camellia sp.,151.18574,-33.88554,University of Sydney
Camellia sp.,151.185765,-33.885536,University of Sydney
Camellia sp.,151.185795,-33.885534,University of Sydney
Camellia sp.,151.185815,-33.885532,University of Sydney
Camellia sp.,151.185696,-33.885525,University of Sydney
Camellia sp.,151.185717,-33.885518,University of Sydney
Camellia sp.,151.185789,-33.885489,University of Sydney
Camellia sp.,151.185825,-33.885563,University of Sydney
Camellia sp.,151.185764,-33.885585,University of Sydney
Camellia sp.,151.18518,-33.885792,University of Sydney
Camellia sp.,151.18421,-33.885787,University of Sydney
Camellia sp.,151.184219,-33.885819,University of Sydney
Camellia sp.,151.184225,-33.885854,University of Sydney
Camellia sp.,151.184248,-33.885891,University of Sydney
Camellia sp.,151.184251,-33.885915,University of Sydney
Camellia sp.,151.184136,-33.885382,University of Sydney
Camellia sp.,151.183902,-33.885513,University of Sydney
Camellia sp.,151.183916,-33.885663,University of Sydney
Camellia sp.,151.183923,-33.885714,University of Sydney
Camellia sp.,151.18393,-33.885736,University of Sydney
Camellia sp.,151.183934,-33.885764,University of Sydney
Camellia sp.,151.183751,-33.885812,University of Sydney
Camellia sp.,151.18372,-33.885817,University of Sydney
Camellia sp.,151.183683,-33.885821,University of Sydney
Camellia sp.,151.183651,-33.885828,University of Sydney
Camellia sp.,151.183622,-33.885829,University of Sydney
Camellia sp.,151.183596,-33.885832,University of Sydney
Camellia sp.,151.18357,-33.885835,University of Sydney
Camellia sp.,151.183481,-33.885844,University of Sydney
Camellia sp.,151.183428,-33.885849,University of Sydney
Camellia sp.,151.183379,-33.885857,University of Sydney
Camellia sp.,151.18335,-33.885857,University of Sydney
Camellia sp.,151.183319,-33.885862,University of Sydney
Camellia sp.,151.183292,-33.885853,University of Sydney
Camellia sp.,151.186062,-33.887111,University of Sydney
Camellia sp.,151.186104,-33.887045,University of Sydney
Camellia sp.,151.186128,-33.887046,University of Sydney
Camellia sp.,151.186143,-33.887042,University of Sydney
Camellia sp.,151.18616,-33.887041,University of Sydney
Camellia sp.,151.186176,-33.887043,University of Sydney
Camellia sp.,151.186205,-33.887045,University of Sydney
Camellia sp.,151.18622,-33.887041,University of Sydney
Camellia sp.,151.186241,-33.887056,University of Sydney
Camellia sp.,151.186339,-33.887053,University of Sydney
Camellia sp.,151.18636,-33.887055,University of Sydney
Camellia sp.,151.18636,-33.887035,University of Sydney
Camellia sp.,151.186379,-33.887034,University of Sydney
Camellia sp.,151.186488,-33.887018,University of Sydney
Camellia sp.,151.18651,-33.887016,University of Sydney
Camellia sp.,151.186541,-33.88701,University of Sydney
Camellia sp.,151.18633,-33.887236,University of Sydney
Camellia sp.,151.186538,-33.886894,University of Sydney
Camellia sp.,151.186549,-33.886878,University of Sydney
Camellia sp.,151.186543,-33.886823,University of Sydney
Camellia sp.,151.186542,-33.8868,University of Sydney
Camellia sp.,151.18654,-33.886783,University of Sydney
Camellia sp.,151.186545,-33.886753,University of Sydney
Camellia sp.,151.186433,-33.886737,University of Sydney
Camellia sp.,151.186434,-33.886707,University of Sydney
Camellia sp.,151.186792,-33.885858,University of Sydney
Camellia sp.,151.186651,-33.885872,University of Sydney
Camellia sp.,151.18649,-33.885765,University of Sydney
Camellia sp.,151.186357,-33.885781,University of Sydney
Camellia sp.,151.186297,-33.885783,University of Sydney
Camellia sp.,151.186393,-33.885503,University of Sydney
Camellia sp.,151.186408,-33.885497,University of Sydney
Camellia sp.,151.186469,-33.885491,University of Sydney
Camellia sp.,151.18653,-33.885424,University of Sydney
Camellia sp.,151.186126,-33.885485,University of Sydney
Camellia sp.,151.186132,-33.885459,University of Sydney
Camellia sp.,151.186154,-33.885461,University of Sydney
Camellia sp.,151.186189,-33.885458,University of Sydney
Camellia sp.,151.186193,-33.885487,University of Sydney
Camellia sp.,151.185621,-33.890063,University of Sydney
